model,run,persona_type,persona_id,accuracy,f1_weighted,f1_macro,mean_error,mean_absolute_error,hate_over_flagging_rate,offensive_over_flagging_rate,offensive_to_hate_rate
gpt_oss_120b,r1,baseline,baseline,0.52,0.5257053389661875,0.4856733828929265,0.568,0.644,0.2591362126245847,0.3588039867109635,0.52
gpt_oss_120b,r1,persona,15,0.536,0.5433194638012976,0.49636522381411224,0.568,0.624,0.26245847176079734,0.33222591362126247,0.5333333333333333
gpt_oss_120b,r1,persona,35,0.514,0.5162738713187304,0.4718669924500552,0.618,0.67,0.30564784053156147,0.31893687707641194,0.56
gpt_oss_120b,r1,persona,65,0.506,0.5111595657299847,0.4658255901115888,0.598,0.658,0.2691029900332226,0.36212624584717606,0.5733333333333334
gpt_oss_120b,r1,persona,no_formal_education,0.542,0.5491094245204337,0.5089410749267801,0.552,0.608,0.24584717607973422,0.3521594684385382,0.48
gpt_oss_120b,r1,persona,high_school_education,0.514,0.5261759598256552,0.4730882956491788,0.576,0.648,0.2691029900332226,0.33554817275747506,0.5733333333333334
gpt_oss_120b,r1,persona,higher_education,0.524,0.53273154383516,0.47828385909535814,0.584,0.648,0.2823920265780731,0.3122923588039867,0.5866666666666667
gpt_oss_120b,r1,persona,male,0.528,0.5334261275685414,0.47899710205536916,0.59,0.654,0.29900332225913623,0.292358803986711,0.5733333333333334
gpt_oss_120b,r1,persona,female,0.526,0.5330834810874704,0.4771227344365642,0.596,0.656,0.29900332225913623,0.292358803986711,0.6
gpt_oss_120b,r1,persona,not_lonely,0.534,0.5381580381323062,0.4916573592983853,0.594,0.646,0.29900332225913623,0.29900332225913623,0.5333333333333333
gpt_oss_120b,r1,persona,somewhat_lonely,0.512,0.519013774195978,0.4769134593658206,0.568,0.644,0.25249169435215946,0.37209302325581395,0.52
gpt_oss_120b,r1,persona,left-wing,0.528,0.5324775439614149,0.4762334439753795,0.62,0.66,0.3122923588039867,0.2823920265780731,0.6266666666666667
gpt_oss_120b,r1,persona,right-wing,0.55,0.5591938726618146,0.5088448759880334,0.53,0.614,0.2691029900332226,0.2956810631229236,0.4666666666666667
gpt_oss_120b,r1,persona,centrist,0.524,0.5319188075630467,0.4841267397951767,0.574,0.63,0.2558139534883721,0.3521594684385382,0.5466666666666666
gpt_oss_120b,r1,persona,white,0.52,0.5305438005079659,0.4775763872854614,0.574,0.63,0.24916943521594684,0.3554817275747508,0.5866666666666667
gpt_oss_120b,r1,persona,black,0.538,0.5520487050537342,0.5037669870230005,0.518,0.586,0.19933554817275748,0.38870431893687707,0.52
gpt_oss_120b,r1,persona,asian,0.52,0.5286706020547254,0.47560265007197255,0.574,0.634,0.2558139534883721,0.3488372093023256,0.5733333333333334
gpt_oss_120b,r1,persona,christian,0.526,0.5317187231680385,0.4722382502766637,0.578,0.646,0.27906976744186046,0.3089700996677741,0.6
gpt_oss_120b,r1,persona,muslim,0.546,0.558860168631575,0.4974653428464244,0.538,0.598,0.23920265780730898,0.3222591362126246,0.5733333333333334
gpt_oss_120b,r1,persona,jewish,0.558,0.5682598820515957,0.5121335262365748,0.522,0.594,0.24916943521594684,0.3023255813953488,0.5066666666666667
gpt_oss_120b,r1,persona,atheist,0.534,0.5410733822368109,0.48935534306962875,0.6,0.644,0.2956810631229236,0.2956810631229236,0.5866666666666667
gpt_oss_120b,r1,persona,hindu,0.528,0.5352771124368234,0.49079206726831837,0.57,0.626,0.25249169435215946,0.3554817275747508,0.5333333333333333
gpt_oss_120b,r2,baseline,baseline,0.534,0.5387312983252144,0.49041044848878296,0.57,0.642,0.2823920265780731,0.3089700996677741,0.5333333333333333
gpt_oss_120b,r2,persona,15,0.516,0.5216092215168727,0.4717172109599401,0.578,0.65,0.2691029900332226,0.34219269102990035,0.56
gpt_oss_120b,r2,persona,35,0.526,0.5307307300509337,0.47481068262052983,0.6,0.664,0.3089700996677741,0.2823920265780731,0.6
gpt_oss_120b,r2,persona,65,0.514,0.5145742916622561,0.47374533949637154,0.614,0.674,0.3089700996677741,0.31893687707641194,0.5333333333333333
gpt_oss_120b,r2,persona,no_formal_education,0.532,0.5417330396254386,0.4925059506249358,0.554,0.634,0.26245847176079734,0.32558139534883723,0.5466666666666666
gpt_oss_120b,r2,persona,high_school_education,0.524,0.5298158073810246,0.4860035294817903,0.578,0.65,0.2823920265780731,0.32558139534883723,0.52
gpt_oss_120b,r2,persona,higher_education,0.516,0.5207587413154869,0.4749935574647099,0.598,0.65,0.2724252491694352,0.3488372093023256,0.5733333333333334
gpt_oss_120b,r2,persona,male,0.526,0.5322749597423511,0.48049651100375734,0.58,0.644,0.27906976744186046,0.31893687707641194,0.56
gpt_oss_120b,r2,persona,female,0.512,0.5156188865316708,0.4631550258690209,0.626,0.662,0.28903654485049834,0.33222591362126247,0.64
gpt_oss_120b,r2,persona,not_lonely,0.54,0.550775237467979,0.4949936294215731,0.562,0.622,0.2691029900332226,0.30564784053156147,0.56
gpt_oss_120b,r2,persona,somewhat_lonely,0.512,0.5182355331884366,0.46786387963343445,0.6,0.656,0.2757475083056478,0.34219269102990035,0.6
gpt_oss_120b,r2,persona,left-wing,0.506,0.5074619652787032,0.4593943964559886,0.638,0.682,0.3122923588039867,0.31893687707641194,0.6133333333333333
gpt_oss_120b,r2,persona,right-wing,0.55,0.564308209293618,0.5096312268376098,0.51,0.61,0.2591362126245847,0.292358803986711,0.48
gpt_oss_120b,r2,persona,centrist,0.52,0.5269408750321933,0.483514458305954,0.58,0.628,0.24584717607973422,0.3754152823920266,0.5466666666666666
gpt_oss_120b,r2,persona,white,0.538,0.5450709523538174,0.4898729136648676,0.572,0.628,0.2757475083056478,0.30564784053156147,0.56
gpt_oss_120b,r2,persona,black,0.558,0.5774874983013997,0.5189450559405716,0.476,0.548,0.16943521594684385,0.3787375415282392,0.5333333333333333
gpt_oss_120b,r2,persona,asian,0.512,0.5164261391377891,0.4686859726465534,0.602,0.67,0.29900332225913623,0.31893687707641194,0.56
gpt_oss_120b,r2,persona,christian,0.516,0.5227776280323451,0.4768643306379156,0.588,0.648,0.2691029900332226,0.3488372093023256,0.56
gpt_oss_120b,r2,persona,muslim,0.54,0.54821519111431,0.4818961762519418,0.566,0.614,0.2558139534883721,0.3122923588039867,0.6266666666666667
gpt_oss_120b,r2,persona,jewish,0.542,0.5547416491464915,0.5009174865322388,0.53,0.598,0.2292358803986711,0.34551495016611294,0.5333333333333333
gpt_oss_120b,r2,persona,atheist,0.53,0.540343239321755,0.4724817138175445,0.578,0.638,0.27906976744186046,0.292358803986711,0.64
gpt_oss_120b,r2,persona,hindu,0.554,0.5631350865201281,0.5053282176353012,0.548,0.596,0.24916943521594684,0.3122923588039867,0.56
gpt_oss_120b,r3,baseline,baseline,0.524,0.5293029551432005,0.48896976553890165,0.558,0.642,0.26245847176079734,0.3488372093023256,0.49333333333333335
gpt_oss_120b,r3,persona,15,0.532,0.5363655714768895,0.49148290789466476,0.58,0.632,0.2691029900332226,0.33554817275747506,0.5333333333333333
gpt_oss_120b,r3,persona,35,0.52,0.5275779964886006,0.4721645449339567,0.576,0.648,0.2724252491694352,0.32558139534883723,0.5866666666666667
gpt_oss_120b,r3,persona,65,0.516,0.5191269518874508,0.4734467712810189,0.618,0.666,0.29900332225913623,0.3222591362126246,0.5866666666666667
gpt_oss_120b,r3,persona,no_formal_education,0.538,0.5458742158997046,0.49172384635962335,0.548,0.632,0.2691029900332226,0.30564784053156147,0.5466666666666666
gpt_oss_120b,r3,persona,high_school_education,0.51,0.5166029988749364,0.46876132253151864,0.6,0.652,0.2691029900332226,0.3554817275747508,0.5866666666666667
gpt_oss_120b,r3,persona,higher_education,0.514,0.5194933296146516,0.47041898646929664,0.6,0.664,0.292358803986711,0.3222591362126246,0.5733333333333334
gpt_oss_120b,r3,persona,male,0.51,0.5194458648700224,0.4707100277656567,0.582,0.65,0.26245847176079734,0.3554817275747508,0.5733333333333334
gpt_oss_120b,r3,persona,female,0.512,0.5183498152032764,0.4646194741340082,0.608,0.668,0.29900332225913623,0.3122923588039867,0.6
gpt_oss_120b,r3,persona,not_lonely,0.528,0.534380336912754,0.48339399553278906,0.58,0.648,0.27906976744186046,0.31561461794019935,0.5866666666666667
gpt_oss_120b,r3,persona,somewhat_lonely,0.526,0.5330543927750239,0.4904818593608691,0.572,0.632,0.2591362126245847,0.3521594684385382,0.52
gpt_oss_120b,r3,persona,left-wing,0.514,0.5200562631694329,0.4633810942199041,0.614,0.674,0.3122923588039867,0.292358803986711,0.6133333333333333
gpt_oss_120b,r3,persona,right-wing,0.534,0.5404157637706141,0.4879824062653615,0.562,0.646,0.2956810631229236,0.2857142857142857,0.5066666666666667
gpt_oss_120b,r3,persona,centrist,0.534,0.5427994405202031,0.4866258611731886,0.578,0.63,0.2691029900332226,0.31561461794019935,0.6
gpt_oss_120b,r3,persona,white,0.544,0.5499296590861272,0.503825336996359,0.576,0.624,0.27906976744186046,0.3089700996677741,0.52
gpt_oss_120b,r3,persona,black,0.56,0.576493688905042,0.5258393069423667,0.488,0.548,0.1760797342192691,0.3853820598006645,0.49333333333333335
gpt_oss_120b,r3,persona,asian,0.526,0.53148833174196,0.47563325876888535,0.586,0.654,0.292358803986711,0.29900332225913623,0.5866666666666667
gpt_oss_120b,r3,persona,christian,0.524,0.5315264704759723,0.48071809356591216,0.594,0.642,0.2757475083056478,0.3289036544850498,0.5866666666666667
gpt_oss_120b,r3,persona,muslim,0.532,0.5408067356231412,0.4866375722394067,0.568,0.62,0.25249169435215946,0.3388704318936877,0.5733333333333334
gpt_oss_120b,r3,persona,jewish,0.53,0.54176898505935,0.48545306502807134,0.536,0.62,0.2425249169435216,0.3388704318936877,0.5466666666666666
gpt_oss_120b,r3,persona,atheist,0.528,0.5359278281874603,0.48226694117220187,0.58,0.636,0.2691029900332226,0.32558139534883723,0.5866666666666667
gpt_oss_120b,r3,persona,hindu,0.518,0.5265771398258701,0.4765633495669818,0.572,0.632,0.24916943521594684,0.36212624584717606,0.56
mistral_medium,r1,baseline,baseline,0.464,0.4526981884942322,0.44581268372403987,0.662,0.734,0.3289036544850498,0.3953488372093023,0.4266666666666667
mistral_medium,r1,persona,15,0.452,0.44134861344256643,0.45188042256174854,0.602,0.67,0.2026578073089701,0.5614617940199336,0.36
mistral_medium,r1,persona,35,0.45490981963927857,0.4492595890278732,0.45017794215880375,0.5991983967935872,0.6713426853707415,0.21,0.5366666666666666,0.4
mistral_medium,r1,persona,65,0.3983903420523139,0.3792172015305554,0.40504437037875674,0.6217303822937625,0.7183098591549296,0.1939799331103679,0.6321070234113713,0.37333333333333335
mistral_medium,r1,persona,no_formal_education,0.504,0.5220008920177087,0.5000102210362442,0.482,0.594,0.16279069767441862,0.4883720930232558,0.32
mistral_medium,r1,persona,high_school_education,0.46,0.47297626599569886,0.46811433142647196,0.516,0.616,0.12624584717607973,0.5980066445182725,0.36
mistral_medium,r1,persona,higher_education,0.452,0.44493729225279627,0.45005192250508935,0.598,0.662,0.1893687707641196,0.5681063122923588,0.4
mistral_medium,r1,persona,male,0.472,0.4858455012524455,0.4782086677758885,0.506,0.61,0.1362126245847176,0.5714285714285714,0.3333333333333333
mistral_medium,r1,persona,female,0.428,0.4132961954438547,0.4228150454807033,0.638,0.698,0.20930232558139536,0.5780730897009967,0.4533333333333333
mistral_medium,r1,persona,not_lonely,0.522,0.5464583860232546,0.5152868319078997,0.438,0.562,0.13953488372093023,0.4750830564784053,0.30666666666666664
mistral_medium,r1,persona,somewhat_lonely,0.452,0.4647569289171432,0.46083717915519423,0.51,0.634,0.14285714285714285,0.584717607973422,0.32
mistral_medium,r1,persona,left-wing,0.408,0.37538851775388,0.3824482927447214,0.77,0.794,0.33554817275747506,0.4750830564784053,0.6133333333333333
mistral_medium,r1,persona,right-wing,0.462,0.4831142330686305,0.4664631374729094,0.466,0.634,0.15282392026578073,0.5348837209302325,0.29333333333333333
mistral_medium,r1,persona,centrist,0.46,0.49146532419724254,0.48920708176147193,0.412,0.572,0.053156146179401995,0.6578073089700996,0.21333333333333335
mistral_medium,r1,persona,white,0.51,0.5295852327257433,0.5116452734154556,0.468,0.568,0.12956810631229235,0.5249169435215947,0.30666666666666664
mistral_medium,r1,persona,black,0.476,0.46646663879874034,0.4617945649661883,0.626,0.674,0.24916943521594684,0.4750830564784053,0.4266666666666667
mistral_medium,r1,persona,asian,0.48,0.4778883714089616,0.4728035117043843,0.582,0.638,0.19601328903654486,0.521594684385382,0.4
mistral_medium,r1,persona,christian,0.41,0.39174557552868855,0.4061043126163169,0.656,0.724,0.22259136212624583,0.584717607973422,0.4666666666666667
mistral_medium,r1,persona,muslim,0.43,0.4034660198955974,0.4206828969152913,0.684,0.724,0.2558139534883721,0.5448504983388704,0.4533333333333333
mistral_medium,r1,persona,jewish,0.46,0.4365266511509178,0.44027848445054213,0.71,0.742,0.33554817275747506,0.4186046511627907,0.4666666666666667
mistral_medium,r1,persona,atheist,0.548,0.5663269645697557,0.5355217036313672,0.454,0.55,0.15946843853820597,0.43521594684385384,0.32
mistral_medium,r1,persona,hindu,0.434,0.4139085007410004,0.43313214116542326,0.642,0.69,0.2059800664451827,0.5913621262458472,0.41333333333333333
mistral_medium,r2,baseline,baseline,0.478,0.47278149609661935,0.45844081153874633,0.638,0.714,0.31893687707641194,0.3787375415282392,0.4266666666666667
mistral_medium,r2,persona,15,0.446,0.43918448998623144,0.44423050409857795,0.6,0.672,0.19601328903654486,0.5647840531561462,0.4
mistral_medium,r2,persona,35,0.4649298597194389,0.46451947260270365,0.460101747893392,0.5791583166332666,0.6593186372745491,0.20666666666666667,0.52,0.38666666666666666
mistral_medium,r2,persona,65,0.4084507042253521,0.40215686643536763,0.41572828003562057,0.5955734406438632,0.6961770623742455,0.17333333333333334,0.6233333333333333,0.4
mistral_medium,r2,persona,no_formal_education,0.498,0.5181148262306798,0.49430075344709484,0.47,0.606,0.17275747508305647,0.4750830564784053,0.29333333333333333
mistral_medium,r2,persona,high_school_education,0.478,0.48819303285546944,0.4857307103499997,0.508,0.608,0.14285714285714285,0.5681063122923588,0.29333333333333333
mistral_medium,r2,persona,higher_education,0.466,0.46683807254657556,0.45714659371011157,0.588,0.656,0.2026578073089701,0.5182724252491694,0.44
mistral_medium,r2,persona,male,0.478,0.49618728225179837,0.4800795381440543,0.496,0.604,0.1362126245847176,0.5514950166112956,0.36
mistral_medium,r2,persona,female,0.436,0.42564950677972563,0.43131292823613254,0.632,0.688,0.2059800664451827,0.5681063122923588,0.4666666666666667
mistral_medium,r2,persona,not_lonely,0.532,0.5556438413610388,0.5273645361212401,0.438,0.55,0.1362126245847176,0.4750830564784053,0.29333333333333333
mistral_medium,r2,persona,somewhat_lonely,0.472,0.4871254643377931,0.47886220831426307,0.5,0.612,0.13953488372093023,0.5647840531561462,0.32
mistral_medium,r2,persona,left-wing,0.416,0.3843307669202272,0.3917287161288096,0.766,0.786,0.33554817275747506,0.4684385382059801,0.6
mistral_medium,r2,persona,right-wing,0.462,0.47958139944455735,0.4679817890344206,0.464,0.64,0.15614617940199335,0.5382059800664452,0.26666666666666666
mistral_medium,r2,persona,centrist,0.46,0.4952435725986951,0.4875654622163296,0.406,0.57,0.04983388704318937,0.6511627906976745,0.24
mistral_medium,r2,persona,white,0.518,0.5428812305932342,0.5155367616349803,0.444,0.556,0.12292358803986711,0.5049833887043189,0.32
mistral_medium,r2,persona,black,0.47,0.4613294835883071,0.4600200883374617,0.614,0.666,0.22591362126245848,0.5083056478405316,0.41333333333333333
mistral_medium,r2,persona,asian,0.476,0.4752729781098868,0.4661409054901003,0.588,0.648,0.2059800664451827,0.5083056478405316,0.4266666666666667
mistral_medium,r2,persona,christian,0.402,0.3763318967190836,0.39764262140499756,0.674,0.73,0.21926910299003322,0.6079734219269103,0.48
mistral_medium,r2,persona,muslim,0.422,0.38988873370577276,0.41260604179598587,0.7,0.732,0.2558139534883721,0.5614617940199336,0.4666666666666667
mistral_medium,r2,persona,jewish,0.462,0.445391944190413,0.4408560044365261,0.69,0.734,0.32558139534883723,0.4119601328903654,0.48
mistral_medium,r2,persona,atheist,0.532,0.5538890791646546,0.5224354006323316,0.448,0.556,0.1461794019933555,0.46179401993355484,0.32
mistral_medium,r2,persona,hindu,0.432,0.40428872741555383,0.4304071746530506,0.656,0.7,0.21926910299003322,0.5913621262458472,0.38666666666666666
mistral_medium,r3,baseline,baseline,0.482,0.47857502293004256,0.46371054411369594,0.62,0.704,0.3089700996677741,0.38205980066445183,0.4
mistral_medium,r3,persona,15,0.442,0.43980706709308964,0.4454256141435282,0.576,0.664,0.1760797342192691,0.584717607973422,0.37333333333333335
mistral_medium,r3,persona,35,0.4529058116232465,0.446485919738852,0.448810106556563,0.5971943887775552,0.6733466933867736,0.21,0.54,0.38666666666666666
mistral_medium,r3,persona,65,0.40606060606060607,0.3918474014248662,0.4129968895257401,0.604040404040404,0.705050505050505,0.1858108108108108,0.6283783783783784,0.37333333333333335
mistral_medium,r3,persona,no_formal_education,0.496,0.5186986846074862,0.49777142460069296,0.454,0.59,0.14285714285714285,0.5116279069767442,0.28
mistral_medium,r3,persona,high_school_education,0.464,0.474161152101712,0.47222387117241454,0.516,0.62,0.13953488372093023,0.584717607973422,0.32
mistral_medium,r3,persona,higher_education,0.454,0.45282788434806787,0.4487754345552511,0.592,0.66,0.1893687707641196,0.5514950166112956,0.44
mistral_medium,r3,persona,male,0.49,0.5046082583135963,0.49192456247437094,0.5,0.596,0.14285714285714285,0.5415282392026578,0.3333333333333333
mistral_medium,r3,persona,female,0.436,0.42221243800251723,0.4313543308997306,0.636,0.688,0.2059800664451827,0.574750830564784,0.4533333333333333
mistral_medium,r3,persona,not_lonely,0.534,0.5595132308055534,0.5268841018270608,0.428,0.544,0.12956810631229235,0.4717607973421927,0.30666666666666664
mistral_medium,r3,persona,somewhat_lonely,0.48,0.4948421128826418,0.4886380674612436,0.49,0.598,0.12956810631229235,0.5714285714285714,0.29333333333333333
mistral_medium,r3,persona,left-wing,0.416,0.37839706131447187,0.39254040912395083,0.778,0.794,0.3488372093023256,0.46511627906976744,0.5733333333333334
mistral_medium,r3,persona,right-wing,0.472,0.48819535381639967,0.4724324700394405,0.476,0.64,0.17275747508305647,0.5083056478405316,0.29333333333333333
mistral_medium,r3,persona,centrist,0.43,0.4557538127348847,0.46256240133757526,0.436,0.604,0.05647840531561462,0.6943521594684385,0.22666666666666666
mistral_medium,r3,persona,white,0.508,0.5311895416227608,0.5070907973305233,0.46,0.568,0.12624584717607973,0.5182724252491694,0.3333333333333333
mistral_medium,r3,persona,black,0.462,0.45016969696969694,0.4481962481962482,0.64,0.692,0.2558139534883721,0.4850498338870432,0.44
mistral_medium,r3,persona,asian,0.48,0.4797534500547978,0.47139284650702945,0.584,0.644,0.2059800664451827,0.5049833887043189,0.41333333333333333
mistral_medium,r3,persona,christian,0.394,0.3682569421359395,0.39058671729371813,0.672,0.736,0.2159468438538206,0.6179401993355482,0.48
mistral_medium,r3,persona,muslim,0.436,0.411402352310012,0.4265654445215832,0.68,0.712,0.24584717607973422,0.5481727574750831,0.4666666666666667
mistral_medium,r3,persona,jewish,0.462,0.4388205909432181,0.4447036917862583,0.7,0.736,0.3289036544850498,0.42524916943521596,0.44
mistral_medium,r3,persona,atheist,0.544,0.5661115347155548,0.5320231350534695,0.442,0.546,0.14950166112956811,0.4418604651162791,0.32
mistral_medium,r3,persona,hindu,0.44,0.4191184247927645,0.4378614664267739,0.642,0.694,0.22259136212624583,0.5681063122923588,0.38666666666666666
qwen3_32b,r1,baseline,baseline,0.518,0.5369428069216343,0.5052979051350387,0.464,0.6,0.1893687707641196,0.42524916943521596,0.32
qwen3_32b,r1,persona,15,0.416,0.43386603509914085,0.4361357895124122,0.452,0.66,0.12292358803986711,0.627906976744186,0.2
qwen3_32b,r1,persona,35,0.424,0.43438074842130503,0.4365722503816201,0.512,0.672,0.15282392026578073,0.6013289036544851,0.30666666666666664
qwen3_32b,r1,persona,65,0.386,0.4118754061487256,0.41478952439344835,0.424,0.66,0.07308970099667775,0.6976744186046512,0.22666666666666666
qwen3_32b,r1,persona,no_formal_education,0.402,0.43402751721484395,0.4101665981168708,0.348,0.684,0.12624584717607973,0.5714285714285714,0.13333333333333333
qwen3_32b,r1,persona,high_school_education,0.444,0.47505001480929077,0.45068156470871407,0.404,0.648,0.14950166112956811,0.5249169435215947,0.2
qwen3_32b,r1,persona,higher_education,0.428,0.4494538325556125,0.4408089099552281,0.474,0.658,0.13953488372093023,0.5880398671096345,0.29333333333333333
qwen3_32b,r1,persona,male,0.446,0.4610411292411292,0.45537137759359975,0.5,0.648,0.15282392026578073,0.5714285714285714,0.30666666666666664
qwen3_32b,r1,persona,female,0.428,0.4307683991178519,0.4417060472308368,0.528,0.672,0.16279069767441862,0.6046511627906976,0.26666666666666666
qwen3_32b,r1,persona,not_lonely,0.478,0.51993752785038,0.4804050188824554,0.336,0.592,0.10963455149501661,0.5016611295681063,0.2
qwen3_32b,r1,persona,somewhat_lonely,0.342,0.36052240804068536,0.3661174915449541,0.388,0.704,0.07308970099667775,0.7275747508305648,0.13333333333333333
qwen3_32b,r1,persona,left-wing,0.408,0.407353601883829,0.4277206281952026,0.526,0.678,0.13953488372093023,0.6578073089700996,0.25333333333333335
qwen3_32b,r1,persona,right-wing,0.43,0.4653958335542626,0.43310875258924336,0.346,0.67,0.12624584717607973,0.53156146179402,0.24
qwen3_32b,r1,persona,centrist,0.418,0.46697597256724466,0.4351255353626599,0.308,0.608,0.04318936877076412,0.6312292358803987,0.17333333333333334
qwen3_32b,r1,persona,white,0.468,0.5035243830546927,0.4700186328366232,0.386,0.618,0.12956810631229235,0.5083056478405316,0.26666666666666666
qwen3_32b,r1,persona,black,0.392,0.3986541645523517,0.40918872016780905,0.546,0.686,0.12956810631229235,0.6677740863787376,0.38666666666666666
qwen3_32b,r1,persona,asian,0.438,0.4452072829131652,0.45778244631185805,0.496,0.64,0.12956810631229235,0.6312292358803987,0.21333333333333335
qwen3_32b,r1,persona,christian,0.402,0.4272189191587541,0.42420208832490314,0.416,0.66,0.09966777408637874,0.6478405315614618,0.18666666666666668
qwen3_32b,r1,persona,muslim,0.418,0.44354742716285606,0.441874624110597,0.43,0.642,0.09634551495016612,0.6445182724252492,0.21333333333333335
qwen3_32b,r1,persona,jewish,0.424,0.4321898296414592,0.43375091452158143,0.536,0.676,0.16279069767441862,0.5946843853820598,0.3466666666666667
qwen3_32b,r1,persona,atheist,0.466,0.49807860283140865,0.4720655285437522,0.41,0.618,0.1362126245847176,0.521594684385382,0.24
qwen3_32b,r1,persona,hindu,0.418,0.45223864311099615,0.4353941814513722,0.382,0.642,0.09966777408637874,0.6079734219269103,0.17333333333333334
qwen3_32b,r2,baseline,baseline,0.518,0.5416315789473685,0.5040289677682579,0.456,0.6,0.1893687707641196,0.4119601328903654,0.3466666666666667
qwen3_32b,r2,persona,15,0.43,0.45751069571601566,0.4457523518031901,0.412,0.644,0.11960132890365449,0.5913621262458472,0.18666666666666668
qwen3_32b,r2,persona,35,0.428,0.4497108554115758,0.44216688554112776,0.464,0.656,0.1362126245847176,0.5913621262458472,0.26666666666666666
qwen3_32b,r2,persona,65,0.362,0.38694398705578,0.3890010362415384,0.398,0.69,0.08305647840531562,0.6976744186046512,0.16
qwen3_32b,r2,persona,no_formal_education,0.376,0.4138242760616195,0.38332148139497974,0.322,0.706,0.10963455149501661,0.5913621262458472,0.17333333333333334
qwen3_32b,r2,persona,high_school_education,0.442,0.4763904432291529,0.4490091264284813,0.398,0.642,0.1362126245847176,0.5348837209302325,0.22666666666666666
qwen3_32b,r2,persona,higher_education,0.452,0.46739741672910895,0.4624018752690504,0.502,0.63,0.132890365448505,0.5913621262458472,0.3333333333333333
qwen3_32b,r2,persona,male,0.45,0.4768462911004477,0.4566700720661078,0.47,0.63,0.132890365448505,0.5614617940199336,0.3466666666666667
qwen3_32b,r2,persona,female,0.412,0.41306286795384484,0.4264308449275723,0.526,0.694,0.17275747508305647,0.6079734219269103,0.24
qwen3_32b,r2,persona,not_lonely,0.472,0.5134699394508946,0.478295864675474,0.348,0.592,0.09966777408637874,0.5282392026578073,0.21333333333333335
qwen3_32b,r2,persona,somewhat_lonely,0.348,0.3607539138552581,0.38237059600038004,0.432,0.688,0.059800664451827246,0.7674418604651163,0.17333333333333334
qwen3_32b,r2,persona,left-wing,0.416,0.42396313149765835,0.43549584260581703,0.512,0.66,0.12292358803986711,0.654485049833887,0.29333333333333333
qwen3_32b,r2,persona,right-wing,0.444,0.4782119782124954,0.4549701891437344,0.35,0.634,0.10963455149501661,0.5581395348837209,0.16
qwen3_32b,r2,persona,centrist,0.444,0.4880674776716969,0.46647674776716963,0.312,0.588,0.04983388704318937,0.6212624584717608,0.10666666666666667
qwen3_32b,r2,persona,white,0.48,0.5118178643749313,0.4844759157000435,0.406,0.602,0.12956810631229235,0.5149501661129569,0.25333333333333335
qwen3_32b,r2,persona,black,0.41,0.41425588884574027,0.42606169677177097,0.534,0.678,0.14285714285714285,0.6411960132890365,0.32
qwen3_32b,r2,persona,asian,0.426,0.43689510430038614,0.4484349640724885,0.49,0.642,0.10963455149501661,0.6578073089700996,0.25333333333333335
qwen3_32b,r2,persona,christian,0.402,0.4221712204007286,0.42520311099546076,0.44,0.664,0.10631229235880399,0.654485049833887,0.2
qwen3_32b,r2,persona,muslim,0.412,0.4367745567375887,0.4337027186761229,0.42,0.652,0.10299003322259136,0.6378737541528239,0.18666666666666668
qwen3_32b,r2,persona,jewish,0.42,0.4298738006989304,0.43354807205807955,0.516,0.672,0.14950166112956811,0.6112956810631229,0.30666666666666664
qwen3_32b,r2,persona,atheist,0.476,0.5108137248324184,0.4900651313795364,0.37,0.586,0.09634551495016612,0.5581395348837209,0.17333333333333334
qwen3_32b,r2,persona,hindu,0.396,0.43264477504981935,0.41645833811285,0.396,0.656,0.08637873754152824,0.6411960132890365,0.24
qwen3_32b,r3,baseline,baseline,0.5436681222707423,0.5621649555388731,0.5269874899112187,0.4497816593886463,0.5633187772925764,0.17343173431734318,0.4132841328413284,0.36619718309859156
qwen3_32b,r3,persona,15,0.428,0.4454338915298185,0.4461052290406223,0.46,0.652,0.12956810631229235,0.6112956810631229,0.21333333333333335
qwen3_32b,r3,persona,35,0.436,0.4560323464382429,0.4557939242606834,0.454,0.634,0.11295681063122924,0.6212624584717608,0.22666666666666666
qwen3_32b,r3,persona,65,0.364,0.37980789843447116,0.3928356394053873,0.448,0.692,0.09302325581395349,0.7109634551495017,0.2
qwen3_32b,r3,persona,no_formal_education,0.358,0.37801275060817047,0.36633001188529385,0.356,0.74,0.12956810631229235,0.6212624584717608,0.12
qwen3_32b,r3,persona,high_school_education,0.452,0.4892539866128214,0.4601714831625375,0.372,0.62,0.11627906976744186,0.5415282392026578,0.2
qwen3_32b,r3,persona,higher_education,0.42,0.4366750767209898,0.43608724581496966,0.492,0.66,0.12956810631229235,0.6212624584717608,0.30666666666666664
qwen3_32b,r3,persona,male,0.446,0.4574743195247296,0.45412801620580084,0.506,0.658,0.16943521594684385,0.5581395348837209,0.28
qwen3_32b,r3,persona,female,0.376,0.38682996128171293,0.38934846161385267,0.538,0.722,0.15946843853820597,0.6312292358803987,0.38666666666666666
qwen3_32b,r3,persona,not_lonely,0.498,0.5350423497267759,0.5017287323753626,0.332,0.576,0.11627906976744186,0.4883720930232558,0.13333333333333333
qwen3_32b,r3,persona,somewhat_lonely,0.34,0.35614629660470803,0.36523158640853404,0.42,0.712,0.08637873754152824,0.7242524916943521,0.17333333333333334
qwen3_32b,r3,persona,left-wing,0.432,0.44072046138726817,0.44726765583801237,0.532,0.64,0.11960132890365449,0.6445182724252492,0.36
qwen3_32b,r3,persona,right-wing,0.45,0.4905309386808911,0.4537225727729515,0.322,0.626,0.10963455149501661,0.5249169435215947,0.17333333333333334
qwen3_32b,r3,persona,centrist,0.434,0.4770901673279282,0.4500019167002089,0.332,0.612,0.07308970099667775,0.5980066445182725,0.16
qwen3_32b,r3,persona,white,0.492,0.5295332019307895,0.5007145875798147,0.376,0.564,0.08637873754152824,0.5448504983388704,0.25333333333333335
qwen3_32b,r3,persona,black,0.4,0.4215779670993525,0.4117579024546403,0.504,0.688,0.1461794019933555,0.6046511627906976,0.37333333333333335
qwen3_32b,r3,persona,asian,0.444,0.44325164906824993,0.46234529021553666,0.53,0.634,0.12956810631229235,0.6445182724252492,0.25333333333333335
qwen3_32b,r3,persona,christian,0.394,0.41798125056267704,0.41835948771575054,0.43,0.666,0.09634551495016612,0.6644518272425249,0.21333333333333335
qwen3_32b,r3,persona,muslim,0.398,0.4155621291792031,0.4250152981362385,0.454,0.658,0.08970099667774087,0.6877076411960132,0.22666666666666666
qwen3_32b,r3,persona,jewish,0.41767068273092367,0.4193919353142819,0.4337921970430805,0.5281124497991968,0.6726907630522089,0.14715719063545152,0.6354515050167224,0.28
qwen3_32b,r3,persona,atheist,0.474,0.5134123342032819,0.48155999128129245,0.374,0.59,0.10299003322259136,0.5348837209302325,0.24
qwen3_32b,r3,persona,hindu,0.412,0.4432308210740732,0.43261255079675975,0.366,0.642,0.08637873754152824,0.6345514950166113,0.12
