model,persona_type,persona_id,accuracy_mean,accuracy_std,f1_weighted_mean,f1_weighted_std,f1_macro_mean,f1_macro_std,mean_error_mean,mean_error_std,mean_absolute_error_mean,mean_absolute_error_std,hate_over_flagging_rate_mean,hate_over_flagging_rate_std,offensive_over_flagging_rate_mean,offensive_over_flagging_rate_std,offensive_to_hate_rate_mean,offensive_to_hate_rate_std,n_runs
gpt_oss_120b,baseline,baseline,0.526,0.005887840577551903,0.5312465308115342,0.005492541554366169,0.488351198973537,0.001982744909076297,0.5653333333333334,0.005249338582674494,0.6426666666666666,0.0009428090415820641,0.2679955703211517,0.010269787924137007,0.3388704318936877,0.021530699994710495,0.5155555555555555,0.016629588385661954,3
gpt_oss_120b,persona,15,0.528,0.008640987597877155,0.5337647522650198,0.00905195560608239,0.4865217808895724,0.010656475974271894,0.5753333333333334,0.005249338582674546,0.6353333333333334,0.010873004286866737,0.26688815060908083,0.0031322559520998725,0.33665559246954596,0.004143585145929067,0.5422222222222222,0.012570787221094207,3
gpt_oss_120b,persona,35,0.52,0.00489897948556636,0.5248608659527548,0.006206839768209479,0.4729474066681805,0.0013231231552961475,0.598,0.017204650534085267,0.6606666666666667,0.009285592184789422,0.2956810631229236,0.01650018208831821,0.3089700996677741,0.018988292579714555,0.5822222222222223,0.01662958838566193,3
gpt_oss_120b,persona,65,0.512,0.0043204937989385775,0.5149536030932306,0.0032637114268673525,0.47100590029632644,0.003665059886038874,0.61,0.008640987597877155,0.666,0.0065319726474218145,0.29235880398671094,0.016940264164760098,0.33444075304540416,0.019623527294207473,0.5644444444444444,0.022662308949301276,3
gpt_oss_120b,persona,no_formal_education,0.5373333333333333,0.0041096093353126546,0.545572226681859,0.0030189580592812713,0.4977236239704464,0.0079383594543108,0.5513333333333333,0.0024944382578492965,0.6246666666666667,0.011813363431112911,0.2591362126245847,0.0097804660756676,0.327796234772979,0.0190527691407367,0.5244444444444444,0.03142696805273544,3
gpt_oss_120b,persona,high_school_education,0.516,0.005887840577551903,0.5241982553605388,0.00557243593461874,0.47595104922082926,0.0073243859191059945,0.5846666666666667,0.010873004286866737,0.65,0.0016329931618554536,0.2735326688815061,0.006264511904199771,0.3388704318936877,0.012430755437787173,0.5599999999999999,0.02880329199292382,3
gpt_oss_120b,persona,higher_education,0.518,0.0043204937989385775,0.5243278715884329,0.005964707152127525,0.47456546767645486,0.0032250582430036877,0.594,0.007118052168020881,0.654,0.007118052168020881,0.2823920265780731,0.008137839677020533,0.327796234772979,0.015424571735530593,0.5777777777777778,0.006285393610547077,3
gpt_oss_120b,persona,male,0.5213333333333333,0.008055363982396388,0.5283823173936383,0.006336478234326703,0.4767345469415944,0.004303733284375134,0.584,0.0043204937989385775,0.6493333333333333,0.0041096093353126546,0.28017718715393136,0.01493990870789817,0.3222591362126246,0.025876680942520304,0.5688888888888889,0.006285393610547077,3
gpt_oss_120b,persona,female,0.5166666666666667,0.00659966329107445,0.5223507276074725,0.007670657981301401,0.4682990781465311,0.006267845718356861,0.61,0.012328828005937964,0.662,0.00489897948556636,0.2956810631229236,0.004698383928149822,0.31229235880398676,0.016275679354041044,0.6133333333333333,0.018856180831641284,3
gpt_oss_120b,persona,not_lonely,0.534,0.00489897948556636,0.5411045375043464,0.007009973131950594,0.4900149947509158,0.004875851896065292,0.5786666666666668,0.013097921802925632,0.6386666666666666,0.011813363431112911,0.2823920265780731,0.012430755437787192,0.3067552602436323,0.006826593580253572,0.5599999999999999,0.0217732421580727,3
gpt_oss_120b,persona,somewhat_lonely,0.5166666666666667,0.00659966329107445,0.5234345667198128,0.0068096600387901095,0.4784197327867081,0.009294977010963677,0.58,0.014236104336041762,0.644,0.00979795897113272,0.26245847176079734,0.009780466075667599,0.3554817275747508,0.012430755437787173,0.5466666666666667,0.03771236166328251,3
gpt_oss_120b,persona,left-wing,0.516,0.009092121131323912,0.5199985908031836,0.010212648653642076,0.46633631155042404,0.007185093942463108,0.624,0.01019803902718558,0.672,0.009092121131323912,0.3122923588039867,0.0,0.2978959025470654,0.015424571735530569,0.6177777777777778,0.00628539361054713,3
gpt_oss_120b,persona,right-wing,0.5446666666666667,0.007542472332656513,0.5546392819086822,0.010271983286714638,0.5021528363636683,0.010025148504067334,0.534,0.021416504538945367,0.6233333333333334,0.016110727964792775,0.27464008859357697,0.015424571735530593,0.2912513842746401,0.004143585145929068,0.48444444444444446,0.01662958838566198,3
gpt_oss_120b,persona,centrist,0.526,0.005887840577551903,0.5338863743718143,0.006622034641739504,0.4847556864247731,0.001345829941639349,0.5773333333333333,0.0024944382578492965,0.6293333333333333,0.0009428090415820641,0.256921373200443,0.00952638457036835,0.3477297895902547,0.02461363319035755,0.5644444444444444,0.025141574442188362,3
gpt_oss_120b,persona,white,0.534,0.01019803902718558,0.5418481373159701,0.008235807217237361,0.4904248793155627,0.010723194169368504,0.574,0.0016329931618554536,0.6273333333333334,0.0024944382578492965,0.2679955703211517,0.013381003293017241,0.3233665559246955,0.02274932290606216,0.5555555555555556,0.027397395568751003,3
gpt_oss_120b,persona,black,0.552,0.009933109617167568,0.568676630753392,0.011764716998553413,0.5161837833019796,0.009220097490236213,0.494,0.01766352173265571,0.5606666666666666,0.017913371790059168,0.18161683277962348,0.012819309969867361,0.38427464008859363,0.004143585145929067,0.5155555555555555,0.016629588385661954,3
gpt_oss_120b,persona,asian,0.5193333333333333,0.005734883511361756,0.5255283576448249,0.006538230467027414,0.4733072938291371,0.003267791438421309,0.5873333333333334,0.011469767022723513,0.6526666666666667,0.01472714802291636,0.2823920265780731,0.018988292579714565,0.3222591362126246,0.02047978074076072,0.5733333333333334,0.010886621079036327,3
gpt_oss_120b,persona,christian,0.522,0.0043204937989385775,0.5286742738921186,0.004170296917573951,0.47660689149349716,0.0034666642696173267,0.5866666666666666,0.00659966329107445,0.6453333333333333,0.0024944382578492965,0.2746400885935769,0.004143585145929062,0.3289036544850499,0.016275679354041044,0.5822222222222223,0.01662958838566193,3
gpt_oss_120b,persona,muslim,0.5393333333333333,0.005734883511361756,0.5492940317896754,0.00740965738072589,0.48866636377925765,0.006515966720081593,0.5573333333333333,0.013695092389449385,0.6106666666666666,0.009285592184789422,0.24916943521594684,0.007176899998236829,0.32447397563676633,0.010962895832349577,0.5911111111111111,0.025141574442188362,3
gpt_oss_120b,persona,jewish,0.5433333333333333,0.011469767022723513,0.5549235054191457,0.010815627879489045,0.4995013592656283,0.010938184337480115,0.5293333333333333,0.005734883511361756,0.604,0.011430952132988175,0.24031007751937986,0.008287170291858117,0.3289036544850498,0.018988292579714565,0.5288888888888889,0.01662958838566193,3
gpt_oss_120b,persona,atheist,0.5306666666666667,0.0024944382578492965,0.5391148165820088,0.0022731693644691023,0.481367999353125,0.006917895312389077,0.586,0.009933109617167568,0.6393333333333334,0.0033993463423951926,0.2812846068660022,0.010962895832349577,0.30454042081949056,0.014939908707898167,0.6044444444444445,0.025141574442188362,3
gpt_oss_120b,persona,hindu,0.5333333333333333,0.01517307556898807,0.5416631129276072,0.015592874832783323,0.4908945448235338,0.011743431780757206,0.5633333333333334,0.010873004286866684,0.618,0.015748015748023637,0.2502768549280177,0.0015661279760499362,0.34330011074197125,0.02209295386850499,0.5511111111111111,0.012570787221094207,3
mistral_medium,baseline,baseline,0.4746666666666666,0.007717224601860131,0.468018235840298,0.011088105528197702,0.4559880131254941,0.007509794345783584,0.64,0.017204650534085267,0.7173333333333334,0.012472191289246483,0.31893687707641194,0.00813783967702051,0.3853820598006645,0.007176899998236829,0.4177777777777778,0.012570787221094181,3
mistral_medium,persona,15,0.4466666666666667,0.0041096093353126546,0.4401133901739625,0.0009096640244146571,0.44717884693461823,0.003360127183912791,0.5926666666666667,0.011813363431112911,0.6686666666666667,0.003399346342395193,0.19158361018826134,0.011293509443173394,0.5703211517165007,0.010269787924137007,0.37777777777777777,0.016629588385661975,3
mistral_medium,persona,35,0.45758183032732136,0.0052598582992730925,0.45342166045647625,0.007928614261266115,0.4530299322029196,0.005031611831126486,0.5918503674014697,0.009011848739633972,0.6680026720106881,0.006194801934198873,0.20888888888888887,0.0015713484026367692,0.5322222222222223,0.008748897637790897,0.39111111111111113,0.0062853936105471036,3
mistral_medium,persona,65,0.404300550779424,0.004291547328395456,0.39107382313026307,0.00938104024152544,0.4112565133133725,0.004531972595492195,0.60711474232601,0.010897555262223309,0.70651247552656,0.009094620812634537,0.1843746924181707,0.008489889972452347,0.627939578374361,0.003595257846943176,0.38222222222222224,0.012570787221094181,3
mistral_medium,persona,no_formal_education,0.49933333333333335,0.003399346342395193,0.5196048009519583,0.0017109767088943865,0.49736079969467734,0.0023488954351590973,0.4686666666666666,0.011469767022723489,0.5966666666666667,0.006798692684790386,0.15946843853820597,0.012430755437787183,0.4916943521594684,0.015103191248046361,0.29777777777777775,0.016629588385661954,3
mistral_medium,persona,high_school_education,0.4673333333333333,0.007717224601860131,0.4784434836509601,0.006910922323366942,0.4753563043162954,0.007525215595803689,0.5133333333333333,0.0037712361663282566,0.6146666666666666,0.004988876515698593,0.1362126245847176,0.007176899998236832,0.583610188261351,0.012231850517372418,0.3244444444444445,0.027397395568751,3
mistral_medium,persona,higher_education,0.45733333333333337,0.006182412330330475,0.4548677497158133,0.009056556829464974,0.451991316923484,0.0036823918342635525,0.5926666666666667,0.0041096093353126546,0.6593333333333334,0.0024944382578492965,0.1937984496124031,0.006264511904199758,0.5459579180509412,0.0207179257296453,0.4266666666666667,0.018856180831641256,3
mistral_medium,persona,male,0.48,0.007483314773547889,0.49554701393928013,0.007673231425675129,0.48340425613143795,0.006072986860773361,0.5006666666666667,0.0041096093353126546,0.6033333333333334,0.005734883511361756,0.13842746400885936,0.0031322559520998725,0.5548172757475083,0.012430755437787173,0.3422222222222222,0.012570787221094181,3
mistral_medium,persona,female,0.43333333333333335,0.0037712361663282566,0.42038604674203256,0.0052059487779219414,0.4284941015388555,0.004015734621781703,0.6353333333333334,0.0024944382578492965,0.6913333333333332,0.004714045207910321,0.2070874861572536,0.0015661279760499493,0.5736434108527132,0.004143585145929087,0.4577777777777778,0.0062853936105471036,3
mistral_medium,persona,not_lonely,0.5293333333333333,0.005249338582674546,0.5538718193966156,0.005474930103315005,0.523178489952067,0.005583690792078137,0.4346666666666667,0.004714045207910321,0.552,0.007483314773547889,0.13510520487264674,0.004143585145929066,0.4739756367663344,0.0015661279760499495,0.3022222222222222,0.0062853936105470775,3
mistral_medium,persona,somewhat_lonely,0.46799999999999997,0.01177568115510378,0.4822415020458594,0.012758510605637482,0.4761124849769003,0.011515007062536156,0.5,0.008164965809277268,0.6146666666666666,0.014817407180595259,0.13732004429678846,0.005646754721586697,0.5736434108527132,0.008287170291858135,0.3111111111111111,0.012570787221094181,3
mistral_medium,persona,left-wing,0.41333333333333333,0.0037712361663282566,0.37937211532952636,0.003715194278227796,0.3889058059991606,0.004578159706915271,0.7713333333333333,0.004988876515698593,0.7913333333333333,0.0037712361663282566,0.33997785160575855,0.006264511904199771,0.4695459579180509,0.004143585145929062,0.5955555555555555,0.01662958838566193,3
mistral_medium,persona,right-wing,0.4653333333333333,0.004714045207910295,0.4836303287765292,0.0035355168000193796,0.4689591321822568,0.0025330656714646505,0.46866666666666673,0.00524933858267452,0.638,0.002828427124746193,0.16057585825027687,0.008719831532681958,0.5271317829457364,0.01338100329301723,0.28444444444444444,0.012570787221094181,3
mistral_medium,persona,centrist,0.45,0.014142135623730965,0.4808209031769408,0.01779209670365721,0.4797783151051256,0.012191923387268735,0.418,0.012961481396815714,0.582,0.015577761927397245,0.053156146179402,0.0027126132256735094,0.6677740863787376,0.018988292579714548,0.22666666666666668,0.010886621079036337,3
mistral_medium,persona,white,0.512,0.0043204937989385775,0.5345520016472461,0.005925959437665048,0.5114242774603198,0.0034515897464965535,0.45733333333333337,0.009977753031397186,0.5640000000000001,0.005656854249492333,0.12624584717607973,0.0027126132256735033,0.5160575858250276,0.008287170291858124,0.32,0.01088662107903635,3
mistral_medium,persona,black,0.4693333333333333,0.005734883511361733,0.45932193978558145,0.006802952904668321,0.4566703004999661,0.006035691822322934,0.6266666666666666,0.010624918300339493,0.6773333333333333,0.010873004286866687,0.24363233665559247,0.012819309969867358,0.4894795127353267,0.013920049933528827,0.4266666666666667,0.01088662107903635,3
mistral_medium,persona,asian,0.47866666666666663,0.0018856180831641283,0.4776382665245487,0.001837674536325567,0.47011242123383795,0.0028667283386960432,0.5846666666666667,0.0024944382578492965,0.6433333333333334,0.0041096093353126546,0.2026578073089701,0.004698383928149809,0.5116279069767441,0.007176899998236829,0.41333333333333333,0.01088662107903635,3
mistral_medium,persona,christian,0.40199999999999997,0.006531972647421791,0.37877813812790384,0.009743957014047613,0.3981112171050109,0.006343691228117274,0.6673333333333334,0.00805536398239639,0.73,0.00489897948556636,0.21926910299003322,0.0027126132256735033,0.6035437430786269,0.013920049933528822,0.47555555555555556,0.0062853936105470775,3
mistral_medium,persona,muslim,0.42933333333333334,0.005734883511361756,0.40158570197046073,0.008882966583556034,0.4199514610776201,0.005722323531708994,0.6880000000000001,0.008640987597877103,0.7226666666666667,0.008219218670625309,0.2524916943521595,0.004698383928149822,0.5514950166112956,0.007176899998236829,0.46222222222222226,0.0062853936105471036,3
mistral_medium,persona,jewish,0.4613333333333334,0.0009428090415820641,0.440246395428183,0.003757041743272656,0.4419460602244422,0.001964142086950605,0.6999999999999998,0.008164965809277268,0.7373333333333333,0.003399346342395193,0.3300110741971207,0.004143585145929043,0.4186046511627907,0.005425226451347029,0.46222222222222226,0.016629588385661954,3
mistral_medium,persona,atheist,0.5413333333333333,0.006798692684790386,0.5621091928166551,0.005813163444251523,0.5299934131057228,0.005531886955612614,0.448,0.00489897948556636,0.5506666666666667,0.0041096093353126546,0.15171650055370986,0.005646754721586684,0.4462901439645626,0.011293509443173394,0.32,0.0,3
mistral_medium,persona,hindu,0.43533333333333335,0.0033993463423951926,0.4124385509831063,0.006142775989890463,0.43380026074841593,0.0030796541250421266,0.6466666666666666,0.00659966329107445,0.6946666666666665,0.0041096093353126546,0.2159468438538206,0.007176899998236833,0.583610188261351,0.010962895832349594,0.3955555555555556,0.012570787221094181,3
qwen3_32b,baseline,baseline,0.5265560407569141,0.012100068878644898,0.5469131138026252,0.0109532385785511,0.5121047876048385,0.01053640265825914,0.45659388646288207,0.00581978397555635,0.5877729257641922,0.01729169421242212,0.1840564252818608,0.007512791029021839,0.41683114505563656,0.005976933149418788,0.34428794992175277,0.018934776674602364,3
qwen3_32b,persona,15,0.4246666666666667,0.006182412330330475,0.4456035407816583,0.009653637641610719,0.44266445678540817,0.004618712147867704,0.44133333333333336,0.020997354330698183,0.652,0.0065319726474218145,0.12403100775193798,0.004143585145929053,0.610188261351052,0.01493990870789817,0.20000000000000004,0.01088662107903635,3
qwen3_32b,persona,35,0.42933333333333334,0.004988876515698593,0.44670798342370793,0.009090685867172266,0.4448443533944771,0.008072373143735573,0.4766666666666666,0.02531578339473003,0.654,0.015577761927397243,0.13399778516057587,0.016350856102141084,0.6046511627906977,0.012430755437787162,0.26666666666666666,0.03265986323710904,3
qwen3_32b,persona,65,0.3706666666666667,0.010873004286866737,0.3928757638796589,0.013747017736395828,0.398875400013458,0.011361354421675901,0.42333333333333334,0.020417857108151402,0.6806666666666666,0.014636332266733394,0.08305647840531562,0.008137839677020522,0.7021040974529346,0.006264511904199745,0.19555555555555557,0.027397395568751003,3
qwen3_32b,persona,no_formal_education,0.3786666666666667,0.018061622912192103,0.4086215146282113,0.023161966876753586,0.3866060304657148,0.018046288077389026,0.3419999999999999,0.014514360704718147,0.71,0.02303620339089464,0.12181616832779622,0.008719831532681958,0.5946843853820597,0.020479780740760716,0.14222222222222222,0.02266230894930127,3
qwen3_32b,persona,high_school_education,0.446,0.0043204937989385775,0.48023148155042167,0.00640330046605991,0.45328739143324426,0.004915438376739778,0.3913333333333333,0.013888444437333117,0.6366666666666667,0.012036980056845203,0.13399778516057584,0.01365318716050715,0.5337763012181617,0.00682659358025357,0.2088888888888889,0.012570787221094167,3
qwen3_32b,persona,higher_education,0.43333333333333335,0.013597385369580772,0.4511754420019038,0.012601282956053556,0.4464326770130827,0.011455275284547633,0.48933333333333334,0.011585431464655188,0.6493333333333333,0.013695092389449437,0.13399778516057584,0.004143585145929062,0.6002214839424141,0.014939908707898157,0.3111111111111111,0.016629588385661954,3
qwen3_32b,persona,male,0.44733333333333336,0.0018856180831641283,0.4651205799554355,0.008418224645788753,0.45538982195516947,0.001037871907666693,0.492,0.015748015748023637,0.6453333333333333,0.011585431464655188,0.15171650055370986,0.014939908707898157,0.5636766334440754,0.00564675472158668,0.3111111111111111,0.027397395568751003,3
qwen3_32b,persona,female,0.4053333333333333,0.021746008573733447,0.4102204094511366,0.018050046308800735,0.41916178459075387,0.0219842158763234,0.5306666666666667,0.005249338582674546,0.6960000000000001,0.020461345670963714,0.16500553709856033,0.0056467547215866935,0.6146179401993356,0.01182400692362274,0.29777777777777775,0.06378977819736588,3
qwen3_32b,persona,not_lonely,0.48266666666666663,0.011115554667022055,0.5228166056760167,0.009039138532784062,0.486809871977764,0.010584310071657454,0.33866666666666667,0.00679869268479036,0.5866666666666666,0.007542472332656513,0.10852713178294572,0.006826593580253572,0.5060908084163898,0.016574340583716263,0.1822222222222222,0.034995590551163615,3
qwen3_32b,persona,somewhat_lonely,0.3433333333333333,0.0033993463423951675,0.3591408728335505,0.0021195933302258006,0.37123989131795604,0.007878902081854856,0.41333333333333333,0.018571184369578816,0.7013333333333334,0.009977753031397186,0.07308970099667773,0.01085045290269403,0.7397563676633444,0.0196235272942075,0.16,0.01885618083164127,3
qwen3_32b,persona,left-wing,0.4186666666666667,0.009977753031397186,0.4240123982562518,0.01362200789630977,0.4368280422130107,0.008035448100437928,0.5233333333333333,0.008379870059984364,0.6593333333333334,0.015520595635763768,0.1273532668881506,0.008719831532681958,0.6522702104097453,0.0056467547215866805,0.3022222222222222,0.04399775527382961,3
qwen3_32b,persona,right-wing,0.44133333333333336,0.008379870059984364,0.47804625014921637,0.01026203283223764,0.4472671715019764,0.010024461955087308,0.3393333333333333,0.012364824660660923,0.6433333333333334,0.019136933459209783,0.11517165005537099,0.007830639880249695,0.5382059800664453,0.014353799996473657,0.19111111111111112,0.0349955905511636,3
qwen3_32b,persona,centrist,0.432,0.010708252269472682,0.4773778725222899,0.008612973841901943,0.45053473327667953,0.012804622861458864,0.3173333333333333,0.010498677165349092,0.6026666666666666,0.010498677165349092,0.05537098560354375,0.012819309969867363,0.6168327796234773,0.013920049933528822,0.1466666666666667,0.028803291992923825,3
qwen3_32b,persona,white,0.48,0.0097979589711327,0.5149584831201378,0.010847804060713812,0.48506971203882715,0.012538603190892237,0.38933333333333336,0.012472191289246483,0.5946666666666666,0.02264705033528406,0.11517165005537099,0.020359663688649204,0.522702104097453,0.015894463005988176,0.25777777777777783,0.006285393610547077,3
qwen3_32b,persona,black,0.40066666666666667,0.007363574011458156,0.4114960068324815,0.009559912564063277,0.4156694397980734,0.007422911745007959,0.528,0.01766352173265571,0.684,0.004320493798938543,0.13953488372093023,0.007176899998236842,0.6378737541528239,0.025876680942520346,0.36000000000000004,0.02880329199292382,3
qwen3_32b,persona,asian,0.436,0.007483314773547889,0.4417846787606004,0.0035484343716940246,0.45618756686662776,0.005789762441016376,0.5053333333333333,0.017613126418163892,0.6386666666666666,0.003399346342395193,0.1229235880398671,0.00939676785629963,0.6445182724252492,0.010850452902694013,0.24,0.018856180831641273,3
qwen3_32b,persona,christian,0.3993333333333333,0.0037712361663282566,0.4224571300407199,0.003776677421086514,0.4225882290120382,0.0030179685562685718,0.4286666666666667,0.009843215373488944,0.6633333333333334,0.0024944382578492965,0.10077519379844962,0.004143585145929059,0.655592469545958,0.006826593580253576,0.20000000000000004,0.01088662107903635,3
qwen3_32b,persona,muslim,0.4093333333333333,0.008379870059984338,0.4319613710265493,0.011921109940638303,0.4335308803076528,0.006883863469306501,0.4346666666666667,0.014267289706021811,0.6506666666666666,0.00659966329107445,0.09634551495016612,0.005425226451347013,0.6566998892580288,0.022092953868504975,0.2088888888888889,0.016629588385661958,3
qwen3_32b,persona,jewish,0.42055689424364123,0.002613766461399778,0.42715185521822385,0.005567959841950077,0.4336970612075805,0.00010669078887791928,0.5267041499330656,0.008225467823968394,0.6735635876840697,0.0017457313898931086,0.15314984981314608,0.006883971532364062,0.6138105238206351,0.016737838100104846,0.3111111111111111,0.027397395568751003,3
qwen3_32b,persona,atheist,0.472,0.0043204937989385515,0.5074348872890363,0.006700409778743325,0.4812302170681937,0.007352006022631331,0.38466666666666666,0.017987650084309376,0.598,0.014236104336041762,0.11184939091915837,0.017439663065363924,0.5382059800664453,0.015103191248046361,0.21777777777777776,0.03142696805273544,3
qwen3_32b,persona,hindu,0.4086666666666667,0.009285592184789396,0.44270474641162955,0.008007807952765017,0.42815502345366063,0.008348401174121953,0.38133333333333336,0.012256517540566834,0.6466666666666666,0.00659966329107445,0.09080841638981174,0.006264511904199758,0.627906976744186,0.014353799996473673,0.17777777777777778,0.04909049340972116,3
