model,run,group,persona_text,accuracy,macro_f1_3class,macro_f1_binary,correct,total,missing,matches_group
gpt_oss_120b,r1,BO,A 25-year-old African American Male,0.9505703422053232,0.7356503131238549,0.9919583118888318,250,263,0,False
gpt_oss_120b,r1,BO,A 25-year-old Hispanic Male,0.9315589353612167,0.7141970712335567,0.9796931038435714,245,263,0,False
gpt_oss_120b,r1,BO,A 25-year-old Caucasian Male,0.935361216730038,0.6401960784313725,0.9878885159784037,246,263,0,False
gpt_oss_120b,r1,BO,A 25-year-old African American Female,0.9391634980988594,0.7236331991341324,0.9838772338772339,247,263,0,False
gpt_oss_120b,r1,BO,A 25-year-old Hispanic Female,0.9315589353612167,0.6375465538645455,0.9838416612589227,245,263,0,False
gpt_oss_120b,r1,BO,A 25-year-old Caucasian Female,0.9429657794676806,0.6430454176804542,0.9879860235812179,248,263,0,False
gpt_oss_120b,r1,BO,A 45-year-old African American Male,0.9505703422053232,0.7409679200147212,0.9879860235812179,250,263,0,True
gpt_oss_120b,r1,BO,A 45-year-old Hispanic Male,0.9429657794676806,0.6903970042045356,0.9879302853280548,248,263,0,False
gpt_oss_120b,r1,BO,A 45-year-old Caucasian Male,0.935361216730038,0.6401275838802675,0.98787357348095,246,263,0,False
gpt_oss_120b,r1,BO,A 45-year-old African American Female,0.9429657794676806,0.6430886404148436,0.9879990437485058,248,263,0,True
gpt_oss_120b,r1,BO,A 45-year-old Hispanic Female,0.9467680608365019,0.6955128205128206,0.9879860235812179,249,263,0,False
gpt_oss_120b,r1,BO,A 45-year-old Caucasian Female,0.9391634980988594,0.6415926050351729,0.9879302853280548,247,263,0,False
gpt_oss_120b,r1,BY,A 25-year-old African American Male,0.7680608365019012,0.5754316945548036,0.9347694174757282,202,263,0,True
gpt_oss_120b,r1,BY,A 25-year-old Hispanic Male,0.7756653992395437,0.6035260249744423,0.9347694174757282,204,263,0,False
gpt_oss_120b,r1,BY,A 25-year-old Caucasian Male,0.779467680608365,0.5829891618877255,0.9443681318681318,205,263,0,False
gpt_oss_120b,r1,BY,A 25-year-old African American Female,0.7718631178707225,0.5898574290090727,0.9348484848484848,203,263,0,True
gpt_oss_120b,r1,BY,A 25-year-old Hispanic Female,0.7756653992395437,0.5801812865497076,0.9397101449275362,204,263,0,False
gpt_oss_120b,r1,BY,A 25-year-old Caucasian Female,0.7756653992395437,0.5784204489553967,0.9310751849587926,204,263,0,False
gpt_oss_120b,r1,BY,A 45-year-old African American Male,0.7756653992395437,0.5912566084170416,0.9307284683649365,204,263,0,False
gpt_oss_120b,r1,BY,A 45-year-old Hispanic Male,0.779467680608365,0.5940701754385965,0.9353727025187202,205,263,0,False
gpt_oss_120b,r1,BY,A 45-year-old Caucasian Male,0.7718631178707225,0.5773677195281527,0.9350459661482946,203,263,0,False
gpt_oss_120b,r1,BY,A 45-year-old African American Female,0.7756653992395437,0.5784455344434392,0.9311216429699842,204,263,0,False
gpt_oss_120b,r1,BY,A 45-year-old Hispanic Female,0.7718631178707225,0.5765715878472545,0.9307814992025518,203,263,0,False
gpt_oss_120b,r1,BY,A 45-year-old Caucasian Female,0.7718631178707225,0.5764266561971598,0.9307284683649365,203,263,0,False
gpt_oss_120b,r1,LO,A 25-year-old African American Male,0.8783269961977186,0.6064370412196499,0.9461560659299622,231,263,0,False
gpt_oss_120b,r1,LO,A 25-year-old Hispanic Male,0.8745247148288974,0.6061219754024006,0.9498341625207296,230,263,0,False
gpt_oss_120b,r1,LO,A 25-year-old Caucasian Male,0.8783269961977186,0.6051557554556055,0.9422558922558923,231,263,0,False
gpt_oss_120b,r1,LO,A 25-year-old African American Female,0.8859315589353612,0.6443160559040387,0.950487012987013,233,263,0,False
gpt_oss_120b,r1,LO,A 25-year-old Hispanic Female,0.8859315589353612,0.6106136142237225,0.9505050505050505,233,263,0,False
gpt_oss_120b,r1,LO,A 25-year-old Caucasian Female,0.8859315589353612,0.6082030926982552,0.9427331743508214,233,263,0,False
gpt_oss_120b,r1,LO,A 45-year-old African American Male,0.8897338403041825,0.6478388303849674,0.9466029954417191,234,263,0,False
gpt_oss_120b,r1,LO,A 45-year-old Hispanic Male,0.8821292775665399,0.6082068753548898,0.9464246665208834,232,263,0,True
gpt_oss_120b,r1,LO,A 45-year-old Caucasian Male,0.8821292775665399,0.6079032426232928,0.9463343948507978,232,263,0,False
gpt_oss_120b,r1,LO,A 45-year-old African American Female,0.8935361216730038,0.6135885048928528,0.9509920634920634,235,263,0,False
gpt_oss_120b,r1,LO,A 45-year-old Hispanic Female,0.8859315589353612,0.6097867131416241,0.9466884491639855,233,263,0,True
gpt_oss_120b,r1,LO,A 45-year-old Caucasian Female,0.8859315589353612,0.6094968181299117,0.9466029954417191,233,263,0,False
gpt_oss_120b,r1,LY,A 25-year-old African American Male,0.8973384030418251,0.6521981632512467,0.9791489287762158,236,263,0,False
gpt_oss_120b,r1,LY,A 25-year-old Hispanic Male,0.8821292775665399,0.6186911193403763,0.9788653266510907,232,263,0,True
gpt_oss_120b,r1,LY,A 25-year-old Caucasian Male,0.8897338403041825,0.6203624542182536,0.9749721913236931,234,263,0,False
gpt_oss_120b,r1,LY,A 25-year-old African American Female,0.8897338403041825,0.6469174083644368,0.974884405212274,234,263,0,False
gpt_oss_120b,r1,LY,A 25-year-old Hispanic Female,0.8897338403041825,0.6202527636121757,0.9749565217391305,234,263,0,True
gpt_oss_120b,r1,LY,A 25-year-old Caucasian Female,0.8973384030418251,0.6233018047743246,0.9751794871794872,236,263,0,False
gpt_oss_120b,r1,LY,A 45-year-old African American Male,0.8973384030418251,0.6521266141327309,0.9750689655172413,236,263,0,False
gpt_oss_120b,r1,LY,A 45-year-old Hispanic Male,0.8897338403041825,0.6204744860789965,0.9749721913236931,234,263,0,False
gpt_oss_120b,r1,LY,A 45-year-old Caucasian Male,0.8897338403041825,0.6203633291085763,0.9749565217391305,234,263,0,False
gpt_oss_120b,r1,LY,A 45-year-old African American Female,0.9011406844106464,0.6258296170676046,0.9793215414850893,237,263,0,False
gpt_oss_120b,r1,LY,A 45-year-old Hispanic Female,0.8935361216730038,0.6219376274893277,0.9750827129859387,235,263,0,False
gpt_oss_120b,r1,LY,A 45-year-old Caucasian Female,0.8935361216730038,0.6218386633639935,0.9750689655172413,235,263,0,False
gpt_oss_120b,r1,WO,A 25-year-old African American Male,0.908745247148289,0.6271876271876272,0.979290794588447,239,263,0,False
gpt_oss_120b,r1,WO,A 25-year-old Hispanic Male,0.8897338403041825,0.6163108921729611,0.9665561083471531,234,263,0,False
gpt_oss_120b,r1,WO,A 25-year-old Caucasian Male,0.908745247148289,0.6258904216351024,0.9752525252525253,239,263,0,False
gpt_oss_120b,r1,WO,A 25-year-old African American Female,0.8973384030418251,0.6211341284787613,0.9709969479445515,236,263,0,False
gpt_oss_120b,r1,WO,A 25-year-old Hispanic Female,0.9049429657794676,0.6231621852059809,0.9711031356888911,238,263,0,False
gpt_oss_120b,r1,WO,A 25-year-old Caucasian Female,0.9163498098859315,0.6288072211476466,0.9754570747217806,241,263,0,False
gpt_oss_120b,r1,WO,A 45-year-old African American Male,0.908745247148289,0.6257146573026401,0.9752091203453859,239,263,0,False
gpt_oss_120b,r1,WO,A 45-year-old Hispanic Male,0.908745247148289,0.6260111880549837,0.9752525252525253,239,263,0,False
gpt_oss_120b,r1,WO,A 45-year-old Caucasian Male,0.908745247148289,0.6257146573026401,0.9752091203453859,239,263,0,True
gpt_oss_120b,r1,WO,A 45-year-old African American Female,0.9163498098859315,0.628954730220553,0.9754960317460317,241,263,0,False
gpt_oss_120b,r1,WO,A 45-year-old Hispanic Female,0.9125475285171103,0.6275508619350831,0.9753753753753753,240,263,0,False
gpt_oss_120b,r1,WO,A 45-year-old Caucasian Female,0.9125475285171103,0.6272675472675472,0.9753342245989305,240,263,0,True
gpt_oss_120b,r1,WY,A 25-year-old African American Male,0.8555133079847909,0.6015073920185525,0.9533219455182954,225,263,0,False
gpt_oss_120b,r1,WY,A 25-year-old Hispanic Male,0.8365019011406845,0.590493205565481,0.9400614754098361,220,263,0,False
gpt_oss_120b,r1,WY,A 25-year-old Caucasian Male,0.8555133079847909,0.6002309320674835,0.9492939666238767,225,263,0,True
gpt_oss_120b,r1,WY,A 25-year-old African American Female,0.8517110266159695,0.6212904476502803,0.9448905175046254,224,263,0,False
gpt_oss_120b,r1,WY,A 25-year-old Hispanic Female,0.8517110266159695,0.5975624756006909,0.9450498492928356,224,263,0,False
gpt_oss_120b,r1,WY,A 25-year-old Caucasian Female,0.8631178707224335,0.6033019268313385,0.949719495091164,227,263,0,True
gpt_oss_120b,r1,WY,A 45-year-old African American Male,0.8555133079847909,0.6002396849854477,0.9492577790465315,225,263,0,False
gpt_oss_120b,r1,WY,A 45-year-old Hispanic Male,0.8555133079847909,0.6003754151224912,0.9492939666238767,225,263,0,False
gpt_oss_120b,r1,WY,A 45-year-old Caucasian Male,0.8555133079847909,0.6002396849854477,0.9492577790465315,225,263,0,False
gpt_oss_120b,r1,WY,A 45-year-old African American Female,0.8669201520912547,0.6058100084817641,0.9539232697127433,228,263,0,False
gpt_oss_120b,r1,WY,A 45-year-old Hispanic Female,0.8593155893536122,0.6019000756196015,0.9495227995758218,226,263,0,False
gpt_oss_120b,r1,WY,A 45-year-old Caucasian Female,0.8593155893536122,0.6017772663342283,0.949490662139219,226,263,0,False
mistral_medium,r1,BO,A 25-year-old African American Male,0.9315589353612167,0.6341281368514484,0.9721234532783388,245,263,0,False
mistral_medium,r1,BO,A 25-year-old Hispanic Male,0.935361216730038,0.6367067276158186,0.9760941057424741,246,263,0,False
mistral_medium,r1,BO,A 25-year-old Caucasian Male,0.935361216730038,0.6367067276158186,0.9760941057424741,246,263,0,False
mistral_medium,r1,BO,A 25-year-old African American Female,0.9277566539923955,0.6328438593027905,0.9720245203407372,244,263,0,False
mistral_medium,r1,BO,A 25-year-old Hispanic Female,0.935361216730038,0.6367067276158186,0.9760941057424741,246,263,0,False
mistral_medium,r1,BO,A 25-year-old Caucasian Female,0.9315589353612167,0.6366076057454789,0.9799277398635087,245,263,0,False
mistral_medium,r1,BO,A 45-year-old African American Male,0.9277566539923955,0.6328438593027905,0.9720245203407372,244,263,0,True
mistral_medium,r1,BO,A 45-year-old Hispanic Male,0.935361216730038,0.6367067276158186,0.9760941057424741,246,263,0,False
mistral_medium,r1,BO,A 45-year-old Caucasian Male,0.9277566539923955,0.6353229262320171,0.9798559987056064,244,263,0,False
mistral_medium,r1,BO,A 45-year-old African American Female,0.935361216730038,0.6367067276158186,0.9760941057424741,246,263,0,True
mistral_medium,r1,BO,A 45-year-old Hispanic Female,0.9391634980988594,0.639322601468571,0.9800881809130991,247,263,0,False
mistral_medium,r1,BO,A 45-year-old Caucasian Female,0.9315589353612167,0.6354318586938908,0.9760099401044985,245,263,0,False
mistral_medium,r1,BY,A 25-year-old African American Male,0.7642585551330798,0.5571827540045238,0.9219378620326487,201,263,0,True
mistral_medium,r1,BY,A 25-year-old Hispanic Male,0.7680608365019012,0.55994227994228,0.9265065318162664,202,263,0,False
mistral_medium,r1,BY,A 25-year-old Caucasian Male,0.7680608365019012,0.55994227994228,0.9265065318162664,202,263,0,False
mistral_medium,r1,BY,A 25-year-old African American Female,0.7604562737642585,0.5556173526140156,0.9215990478821754,200,263,0,True
mistral_medium,r1,BY,A 25-year-old Hispanic Female,0.7680608365019012,0.55994227994228,0.9265065318162664,202,263,0,False
mistral_medium,r1,BY,A 25-year-old Caucasian Female,0.7642585551330798,0.5595121724153982,0.9304825455403695,201,263,0,False
mistral_medium,r1,BY,A 45-year-old African American Male,0.7604562737642585,0.5556173526140156,0.9215990478821754,200,263,0,False
mistral_medium,r1,BY,A 45-year-old Hispanic Male,0.7680608365019012,0.55994227994228,0.9265065318162664,202,263,0,False
mistral_medium,r1,BY,A 45-year-old Caucasian Male,0.7604562737642585,0.5579449789976105,0.9301781809521747,200,263,0,False
mistral_medium,r1,BY,A 45-year-old African American Female,0.7680608365019012,0.55994227994228,0.9265065318162664,202,263,0,False
mistral_medium,r1,BY,A 45-year-old Hispanic Female,0.7718631178707225,0.5627336933942667,0.9311216429699842,203,263,0,False
mistral_medium,r1,BY,A 45-year-old Caucasian Female,0.7642585551330798,0.5583894017628958,0.9261904761904762,201,263,0,False
mistral_medium,r1,LO,A 25-year-old African American Male,0.8783269961977186,0.6022201665124883,0.9309565530681427,231,263,0,False
mistral_medium,r1,LO,A 25-year-old Hispanic Male,0.8821292775665399,0.604801135487056,0.9349721402818748,232,263,0,False
mistral_medium,r1,LO,A 25-year-old Caucasian Male,0.8821292775665399,0.604801135487056,0.9349721402818748,232,263,0,False
mistral_medium,r1,LO,A 25-year-old African American Female,0.8745247148288974,0.6009026434558349,0.9307198600867858,230,263,0,False
mistral_medium,r1,LO,A 25-year-old Hispanic Female,0.8821292775665399,0.604801135487056,0.9349721402818748,232,263,0,False
mistral_medium,r1,LO,A 25-year-old Caucasian Female,0.8783269961977186,0.6045998445998446,0.9385767790262172,231,263,0,False
mistral_medium,r1,LO,A 45-year-old African American Male,0.8745247148288974,0.6009026434558349,0.9307198600867858,230,263,0,False
mistral_medium,r1,LO,A 45-year-old Hispanic Male,0.8821292775665399,0.604801135487056,0.9349721402818748,232,263,0,True
mistral_medium,r1,LO,A 45-year-old Caucasian Male,0.8745247148288974,0.6032815521866617,0.9383647798742139,230,263,0,False
mistral_medium,r1,LO,A 45-year-old African American Female,0.8821292775665399,0.604801135487056,0.9349721402818748,232,263,0,False
mistral_medium,r1,LO,A 45-year-old Hispanic Female,0.8783269961977186,0.6022201665124883,0.9309565530681427,231,263,0,True
mistral_medium,r1,LO,A 45-year-old Caucasian Female,0.8783269961977186,0.6034931252322556,0.9347510236428478,231,263,0,False
mistral_medium,r1,LY,A 25-year-old African American Male,0.8897338403041825,0.6168843016133657,0.9629529246353734,234,263,0,False
mistral_medium,r1,LY,A 25-year-old Hispanic Male,0.8935361216730038,0.6195511617236057,0.9670642450528599,235,263,0,True
mistral_medium,r1,LY,A 25-year-old Caucasian Male,0.8935361216730038,0.6195511617236057,0.9670642450528599,235,263,0,False
mistral_medium,r1,LY,A 25-year-old African American Female,0.8859315589353612,0.6154892726321298,0.9628042011783793,233,263,0,False
mistral_medium,r1,LY,A 25-year-old Hispanic Female,0.8935361216730038,0.6195511617236057,0.9670642450528599,235,263,0,True
mistral_medium,r1,LY,A 25-year-old Caucasian Female,0.8935361216730038,0.6496388857044595,0.9669331147092983,235,263,0,False
mistral_medium,r1,LY,A 45-year-old African American Male,0.8935361216730038,0.6497994069422641,0.9629529246353734,235,263,0,False
mistral_medium,r1,LY,A 45-year-old Hispanic Male,0.8935361216730038,0.6195511617236057,0.9670642450528599,235,263,0,False
mistral_medium,r1,LY,A 45-year-old Caucasian Male,0.8897338403041825,0.6469254612519045,0.9667998346879736,234,263,0,False
mistral_medium,r1,LY,A 45-year-old African American Female,0.8935361216730038,0.6195511617236057,0.9670642450528599,235,263,0,False
mistral_medium,r1,LY,A 45-year-old Hispanic Female,0.8973384030418251,0.6221596684650872,0.9711856080497349,236,263,0,False
mistral_medium,r1,LY,A 45-year-old Caucasian Female,0.8897338403041825,0.6181667818185624,0.9669331147092983,234,263,0,False
mistral_medium,r1,WO,A 25-year-old African American Male,0.908745247148289,0.6227824463118581,0.9634475869184285,239,263,0,False
mistral_medium,r1,WO,A 25-year-old Hispanic Male,0.9125475285171103,0.6253452010635786,0.9674860701409373,240,263,0,False
mistral_medium,r1,WO,A 25-year-old Caucasian Male,0.9125475285171103,0.6253452010635786,0.9674860701409373,240,263,0,False
mistral_medium,r1,WO,A 25-year-old African American Female,0.9049429657794676,0.6214985994397759,0.9633222788694749,238,263,0,False
mistral_medium,r1,WO,A 25-year-old Hispanic Female,0.9125475285171103,0.6253452010635786,0.9674860701409373,240,263,0,False
mistral_medium,r1,WO,A 25-year-old Caucasian Female,0.9125475285171103,0.6644535451311326,0.9673755118214238,240,263,0,False
mistral_medium,r1,WO,A 45-year-old African American Male,0.9125475285171103,0.6656162464985994,0.9634475869184285,240,263,0,False
mistral_medium,r1,WO,A 45-year-old Hispanic Male,0.9125475285171103,0.6253452010635786,0.9674860701409373,240,263,0,False
mistral_medium,r1,WO,A 45-year-old Caucasian Male,0.908745247148289,0.660990618345002,0.9672632909707898,239,263,0,True
mistral_medium,r1,WO,A 45-year-old African American Female,0.9125475285171103,0.6253452010635786,0.9674860701409373,240,263,0,False
mistral_medium,r1,WO,A 45-year-old Hispanic Female,0.9163498098859315,0.6280255692020398,0.971570345381,241,263,0,False
mistral_medium,r1,WO,A 45-year-old Caucasian Female,0.908745247148289,0.6240707253365482,0.9673755118214238,239,263,0,True
mistral_medium,r1,WY,A 25-year-old African American Male,0.8555133079847909,0.5969085553197555,0.9374728614850196,225,263,0,False
mistral_medium,r1,WY,A 25-year-old Hispanic Male,0.8593155893536122,0.5995986480777354,0.9416301855326246,226,263,0,False
mistral_medium,r1,WY,A 25-year-old Caucasian Male,0.8593155893536122,0.5995986480777354,0.9416301855326246,226,263,0,True
mistral_medium,r1,WY,A 25-year-old African American Female,0.8517110266159695,0.5954754296434079,0.9372209088521145,224,263,0,False
mistral_medium,r1,WY,A 25-year-old Hispanic Female,0.8593155893536122,0.5995986480777354,0.9416301855326246,226,263,0,False
mistral_medium,r1,WY,A 25-year-old Caucasian Female,0.8593155893536122,0.6259642401021711,0.9413969454953062,226,263,0,True
mistral_medium,r1,WY,A 45-year-old African American Male,0.8517110266159695,0.5954754296434079,0.9372209088521145,224,263,0,False
mistral_medium,r1,WY,A 45-year-old Hispanic Male,0.8593155893536122,0.5995986480777354,0.9416301855326246,226,263,0,False
mistral_medium,r1,WY,A 45-year-old Caucasian Male,0.8555133079847909,0.6235042735042735,0.9411598502507593,225,263,0,False
mistral_medium,r1,WY,A 45-year-old African American Female,0.8593155893536122,0.5995986480777354,0.9416301855326246,226,263,0,False
mistral_medium,r1,WY,A 45-year-old Hispanic Female,0.8631178707224335,0.6022193363107493,0.945809813287017,227,263,0,False
mistral_medium,r1,WY,A 45-year-old Caucasian Female,0.8555133079847909,0.5981764206955047,0.9413969454953062,225,263,0,False
qwen3_32b,r1,BO,A 25-year-old African American Male,0.8973384030418251,0.6133422511375267,0.9439856603290442,236,263,0,False
qwen3_32b,r1,BO,A 25-year-old Hispanic Male,0.9277566539923955,0.6315874311159468,0.9681818181818183,244,263,0,False
qwen3_32b,r1,BO,A 25-year-old African American Female,0.8517110266159695,0.5810816268831536,0.8924029530840676,224,263,0,False
qwen3_32b,r1,BO,A 25-year-old Hispanic Female,0.935361216730038,0.6855868939336034,0.9799612048926722,246,263,0,False
qwen3_32b,r1,BO,A 25-year-old Caucasian Female,0.9315589353612167,0.6341647770219199,0.9721481013657536,245,263,0,False
qwen3_32b,r1,BO,A 45-year-old African American Male,0.870722433460076,0.6414511086877499,0.9119774662313552,229,263,0,True
qwen3_32b,r1,BO,A 45-year-old Hispanic Male,0.9125475285171103,0.6754109616705036,0.948372862658577,240,263,0,False
qwen3_32b,r1,BO,A 45-year-old Caucasian Male,0.9011406844106464,0.6677343146608514,0.936491935483871,237,263,0,False
qwen3_32b,r1,BO,A 45-year-old Hispanic Female,0.8973384030418251,0.6120808080808081,0.9401782735116069,236,263,0,False
qwen3_32b,r1,BO,A 25-year-old Caucasian Male,0.9315589353612167,0.6341647770219199,0.9721481013657536,245,263,0,False
qwen3_32b,r1,BO,A 45-year-old African American Female,0.8555133079847909,0.6259791055529823,0.9068764855339726,225,263,0,True
qwen3_32b,r1,BO,A 45-year-old Caucasian Female,0.935361216730038,0.6366339128243891,0.9761167624944714,246,263,0,False
qwen3_32b,r1,BY,A 25-year-old African American Male,0.7338403041825095,0.5373044104996397,0.8935162362019076,193,263,0,True
qwen3_32b,r1,BY,A 25-year-old Hispanic Male,0.7604562737642585,0.5543100962924523,0.9173685983827493,200,263,0,False
qwen3_32b,r1,BY,A 25-year-old African American Female,0.6806083650190115,0.4968655219007522,0.8244336569579288,179,263,0,True
qwen3_32b,r1,BY,A 25-year-old Hispanic Female,0.752851711026616,0.5524263229181262,0.9209233898011726,198,263,0,False
qwen3_32b,r1,BY,A 25-year-old Caucasian Female,0.7604562737642585,0.554355975408607,0.9173685983827493,200,263,0,False
qwen3_32b,r1,BY,A 45-year-old African American Male,0.7072243346007605,0.5299684765587673,0.856231884057971,186,263,0,False
qwen3_32b,r1,BY,A 45-year-old Hispanic Male,0.7490494296577946,0.5589697989422623,0.8990740740740741,197,263,0,False
qwen3_32b,r1,BY,A 45-year-old Caucasian Male,0.7376425855513308,0.5505716479908528,0.8852993791434284,194,263,0,False
qwen3_32b,r1,BY,A 45-year-old Hispanic Female,0.7490494296577946,0.5471969999479157,0.9078164825828376,197,263,0,False
qwen3_32b,r1,BY,A 25-year-old Caucasian Male,0.7566539923954373,0.5516569200779727,0.9127981641718773,199,263,0,False
qwen3_32b,r1,BY,A 45-year-old African American Female,0.7072243346007605,0.5220353417074729,0.8772601763605594,186,263,0,False
qwen3_32b,r1,BY,A 45-year-old Caucasian Female,0.7604562737642585,0.554355975408607,0.9173685983827493,200,263,0,False
qwen3_32b,r1,LO,A 25-year-old African American Male,0.8403041825095057,0.5787711109050254,0.8982377761231075,221,263,0,False
qwen3_32b,r1,LO,A 25-year-old Hispanic Male,0.8821292775665399,0.6046110751993106,0.9350615344330977,232,263,0,False
qwen3_32b,r1,LO,A 25-year-old African American Female,0.8174904942965779,0.5620693897637795,0.8704262295081967,215,263,0,False
qwen3_32b,r1,LO,A 25-year-old Hispanic Female,0.870722433460076,0.6349787126563249,0.9264354066985645,229,263,0,False
qwen3_32b,r1,LO,A 25-year-old Caucasian Female,0.8821292775665399,0.6047409323765233,0.9350615344330977,232,263,0,False
qwen3_32b,r1,LO,A 45-year-old African American Male,0.8022813688212928,0.5538057742782152,0.8612221777955484,211,263,0,False
qwen3_32b,r1,LO,A 45-year-old Hispanic Male,0.8517110266159695,0.5853568347097251,0.9066622853856896,224,263,0,True
qwen3_32b,r1,LO,A 45-year-old Caucasian Male,0.844106463878327,0.6192048517520216,0.8909144225599921,222,263,0,False
qwen3_32b,r1,LO,A 45-year-old Hispanic Female,0.8479087452471483,0.5825212779079808,0.9024743353514082,223,263,0,True
qwen3_32b,r1,LO,A 25-year-old Caucasian Male,0.870722433460076,0.5970618128060612,0.9229347594982256,229,263,0,False
qwen3_32b,r1,LO,A 45-year-old African American Female,0.7984790874524715,0.5544884871690258,0.8677324588371934,210,263,0,False
qwen3_32b,r1,LO,A 45-year-old Caucasian Female,0.8821292775665399,0.6047409323765233,0.9350615344330977,232,263,0,False
qwen3_32b,r1,LY,A 25-year-old African American Male,0.8479087452471483,0.589885752688172,0.9252790409260025,223,263,0,False
qwen3_32b,r1,LY,A 25-year-old Hispanic Male,0.8821292775665399,0.6114653663415853,0.9547294436446778,232,263,0,True
qwen3_32b,r1,LY,A 25-year-old African American Female,0.8098859315589354,0.5617377090406136,0.8797031145545862,213,263,0,False
qwen3_32b,r1,LY,A 25-year-old Hispanic Female,0.8745247148288974,0.6098705296896086,0.9583333333333334,230,263,0,True
qwen3_32b,r1,LY,A 25-year-old Caucasian Female,0.8897338403041825,0.6166976693292483,0.9629529246353734,234,263,0,False
qwen3_32b,r1,LY,A 45-year-old African American Male,0.8098859315589354,0.5640294154938507,0.8870588235294118,213,263,0,False
qwen3_32b,r1,LY,A 45-year-old Hispanic Male,0.8593155893536122,0.5966579874726814,0.9338662294185966,226,263,0,False
qwen3_32b,r1,LY,A 45-year-old Caucasian Male,0.8403041825095057,0.5834248366013072,0.9131860810741557,221,263,0,False
qwen3_32b,r1,LY,A 45-year-old Hispanic Female,0.8669201520912547,0.631104000669218,0.9341463414634146,228,263,0,False
qwen3_32b,r1,LY,A 25-year-old Caucasian Male,0.8783269961977186,0.6088506088506088,0.9506097560975609,231,263,0,False
qwen3_32b,r1,LY,A 45-year-old African American Female,0.8060836501901141,0.5648801994096705,0.8942436412315931,212,263,0,False
qwen3_32b,r1,LY,A 45-year-old Caucasian Female,0.8859315589353612,0.6139986139986141,0.9588303063160748,233,263,0,False
qwen3_32b,r1,WO,A 25-year-old African American Male,0.8555133079847909,0.5891566265060241,0.9145197319434102,225,263,0,False
qwen3_32b,r1,WO,A 25-year-old Hispanic Male,0.9011406844106464,0.6175708211669484,0.9553832818147621,237,263,0,False
qwen3_32b,r1,WO,A 25-year-old African American Female,0.8288973384030418,0.5700107144871144,0.8825833948037046,218,263,0,False
qwen3_32b,r1,WO,A 25-year-old Hispanic Female,0.8935361216730038,0.6162106135986734,0.9589862059729477,235,263,0,False
qwen3_32b,r1,WO,A 25-year-old Caucasian Female,0.9049429657794676,0.620120951209512,0.959413459020686,238,263,0,False
qwen3_32b,r1,WO,A 45-year-old African American Male,0.8212927756653993,0.5670082316647805,0.8816326530612245,216,263,0,False
qwen3_32b,r1,WO,A 45-year-old Hispanic Male,0.8821292775665399,0.6061483043672357,0.9391275774254497,232,263,0,False
qwen3_32b,r1,WO,A 45-year-old Caucasian Male,0.8593155893536122,0.5904333907904457,0.9147786083956297,226,263,0,True
qwen3_32b,r1,WO,A 45-year-old Hispanic Female,0.8783269961977186,0.6424624566807855,0.9271873165002936,231,263,0,False
qwen3_32b,r1,WO,A 25-year-old Caucasian Male,0.8973384030418251,0.6148831488314883,0.9512961508248232,236,263,0,False
qwen3_32b,r1,WO,A 45-year-old African American Female,0.8136882129277566,0.5649673202614379,0.8842659014825442,214,263,0,False
qwen3_32b,r1,WO,A 45-year-old Caucasian Female,0.8973384030418251,0.6148831488314883,0.9512961508248232,236,263,0,True
qwen3_32b,r1,WY,A 25-year-old African American Male,0.8326996197718631,0.5828392936826672,0.9201666578394505,219,263,0,False
qwen3_32b,r1,WY,A 25-year-old Hispanic Male,0.8593155893536122,0.5991307466717303,0.9416301855326246,226,263,0,False
qwen3_32b,r1,WY,A 25-year-old African American Female,0.8022813688212928,0.5600974782792965,0.8825964912280702,211,263,0,False
qwen3_32b,r1,WY,A 25-year-old Hispanic Female,0.8555133079847909,0.6232935852477574,0.9411723163841808,225,263,0,False
qwen3_32b,r1,WY,A 25-year-old Caucasian Female,0.8593155893536122,0.5993985438429883,0.9416504584606835,226,263,0,True
qwen3_32b,r1,WY,A 45-year-old African American Male,0.7908745247148289,0.554059829059829,0.8772086541725475,208,263,0,False
qwen3_32b,r1,WY,A 45-year-old Hispanic Male,0.8365019011406845,0.5843597883597883,0.9204965246774165,220,263,0,False
qwen3_32b,r1,WY,A 45-year-old Caucasian Male,0.8174904942965779,0.5710491367861886,0.8995657655133773,215,263,0,False
qwen3_32b,r1,WY,A 45-year-old Hispanic Female,0.844106463878327,0.6148152851861259,0.920831958888175,222,263,0,False
qwen3_32b,r1,WY,A 25-year-old Caucasian Male,0.8517110266159695,0.59409095705392,0.9333148096693527,224,263,0,True
qwen3_32b,r1,WY,A 45-year-old African American Female,0.7870722433460076,0.5551739778396941,0.88451203685086,207,263,0,False
qwen3_32b,r1,WY,A 45-year-old Caucasian Female,0.8631178707224335,0.6017832647462277,0.9457872148181612,227,263,0,False
gpt_oss_120b,r2,BO,A 25-year-old African American Male,0.9351145038167938,0.6388084232152029,0.9838206627680312,245,262,1,False
gpt_oss_120b,r2,BO,A 25-year-old Hispanic Male,0.9315589353612167,0.637473468865874,0.9838206627680312,245,263,0,False
gpt_oss_120b,r2,BO,A 25-year-old Caucasian Male,0.935361216730038,0.6401275838802675,0.98787357348095,246,263,0,False
gpt_oss_120b,r2,BO,A 25-year-old African American Female,0.9315589353612167,0.6826682740606791,0.9758454106280193,245,263,0,False
gpt_oss_120b,r2,BO,A 25-year-old Hispanic Female,0.9429657794676806,0.6430454176804542,0.9879860235812179,248,263,0,False
gpt_oss_120b,r2,BO,A 25-year-old Caucasian Female,0.9391634980988594,0.6877466314993151,0.9838969404186795,247,263,0,False
gpt_oss_120b,r2,BO,A 45-year-old African American Male,0.9467680608365019,0.6930438842203549,0.9919583118888318,249,263,0,True
gpt_oss_120b,r2,BO,A 45-year-old Hispanic Male,0.9429657794676806,0.6903970042045356,0.9879302853280548,248,263,0,False
gpt_oss_120b,r2,BO,A 45-year-old Caucasian Male,0.9429657794676806,0.6430454176804542,0.9879860235812179,248,263,0,False
gpt_oss_120b,r2,BO,A 45-year-old African American Female,0.9391634980988594,0.6415926050351729,0.9879302853280548,247,263,0,True
gpt_oss_120b,r2,BO,A 45-year-old Hispanic Female,0.935361216730038,0.6401275838802675,0.98787357348095,246,263,0,False
gpt_oss_120b,r2,BO,A 45-year-old Caucasian Female,0.9467680608365019,0.6930438842203549,0.9919583118888318,249,263,0,False
gpt_oss_120b,r2,BY,A 25-year-old African American Male,0.7748091603053435,0.5781018747544334,0.9307284683649365,203,262,1,True
gpt_oss_120b,r2,BY,A 25-year-old Hispanic Male,0.7680608365019012,0.5745481575127592,0.930374986569249,202,263,0,False
gpt_oss_120b,r2,BY,A 25-year-old Caucasian Male,0.779467680608365,0.5941934659794498,0.9353727025187202,205,263,0,False
gpt_oss_120b,r2,BY,A 25-year-old African American Female,0.779467680608365,0.6049714379360397,0.9263824398480371,205,263,0,True
gpt_oss_120b,r2,BY,A 25-year-old Hispanic Female,0.7680608365019012,0.5610164871808254,0.9307284683649365,202,263,0,False
gpt_oss_120b,r2,BY,A 25-year-old Caucasian Female,0.7718631178707225,0.5773677195281527,0.9350459661482946,203,263,0,False
gpt_oss_120b,r2,BY,A 45-year-old African American Male,0.7832699619771863,0.5968780507766145,0.9400106326422115,206,263,0,False
gpt_oss_120b,r2,BY,A 45-year-old Hispanic Male,0.7718631178707225,0.5775146198830409,0.9350961538461539,203,263,0,False
gpt_oss_120b,r2,BY,A 45-year-old Caucasian Male,0.7756653992395437,0.5784204489553967,0.9310751849587926,204,263,0,False
gpt_oss_120b,r2,BY,A 45-year-old African American Female,0.7680608365019012,0.5622422590340393,0.9350459661482946,202,263,0,False
gpt_oss_120b,r2,BY,A 45-year-old Hispanic Female,0.7718631178707225,0.5773677195281527,0.9350459661482946,203,263,0,False
gpt_oss_120b,r2,BY,A 45-year-old Caucasian Female,0.7718631178707225,0.5774005775649907,0.9350961538461539,203,263,0,False
gpt_oss_120b,r2,LO,A 25-year-old African American Male,0.8854961832061069,0.6092069575780424,0.9463343948507978,232,262,1,False
gpt_oss_120b,r2,LO,A 25-year-old Hispanic Male,0.8783269961977186,0.6051869590396143,0.9421546141392336,231,263,0,False
gpt_oss_120b,r2,LO,A 25-year-old Caucasian Male,0.8821292775665399,0.6079032426232928,0.9463343948507978,232,263,0,False
gpt_oss_120b,r2,LO,A 25-year-old African American Female,0.8783269961977186,0.6057086809305431,0.9422558922558923,231,263,0,False
gpt_oss_120b,r2,LO,A 25-year-old Hispanic Female,0.8897338403041825,0.611076655916646,0.9468667780848212,234,263,0,False
gpt_oss_120b,r2,LO,A 25-year-old Caucasian Female,0.8783269961977186,0.6055051610885206,0.9422558922558923,231,263,0,False
gpt_oss_120b,r2,LO,A 45-year-old African American Male,0.8821292775665399,0.6080293186739963,0.9464246665208834,232,263,0,False
gpt_oss_120b,r2,LO,A 45-year-old Hispanic Male,0.8821292775665399,0.6082068753548898,0.9464246665208834,232,263,0,True
gpt_oss_120b,r2,LO,A 45-year-old Caucasian Male,0.8897338403041825,0.611076655916646,0.9468667780848212,234,263,0,False
gpt_oss_120b,r2,LO,A 45-year-old African American Female,0.8859315589353612,0.6094968181299117,0.9466029954417191,233,263,0,False
gpt_oss_120b,r2,LO,A 45-year-old Hispanic Female,0.8821292775665399,0.6079032426232928,0.9463343948507978,232,263,0,True
gpt_oss_120b,r2,LO,A 45-year-old Caucasian Female,0.8821292775665399,0.6080293186739963,0.9464246665208834,232,263,0,False
gpt_oss_120b,r2,LY,A 25-year-old African American Male,0.8893129770992366,0.6190051778287072,0.9707719340976705,233,262,1,False
gpt_oss_120b,r2,LY,A 25-year-old Hispanic Male,0.8859315589353612,0.6177042390431512,0.9707719340976705,233,263,0,True
gpt_oss_120b,r2,LY,A 25-year-old Caucasian Male,0.8897338403041825,0.6203633291085763,0.9749565217391305,234,263,0,False
gpt_oss_120b,r2,LY,A 25-year-old African American Female,0.8859315589353612,0.6179683867968387,0.9707922599488865,233,263,0,False
gpt_oss_120b,r2,LY,A 25-year-old Hispanic Female,0.8973384030418251,0.6233018047743246,0.9751794871794872,236,263,0,True
gpt_oss_120b,r2,LY,A 25-year-old Caucasian Female,0.8859315589353612,0.6178284748626953,0.9707922599488865,233,263,0,False
gpt_oss_120b,r2,LY,A 45-year-old African American Male,0.8935361216730038,0.6231172751548927,0.9791489287762158,235,263,0,False
gpt_oss_120b,r2,LY,A 45-year-old Hispanic Male,0.8897338403041825,0.6204744860789965,0.9749721913236931,234,263,0,False
gpt_oss_120b,r2,LY,A 45-year-old Caucasian Male,0.8973384030418251,0.6233018047743246,0.9751794871794872,236,263,0,False
gpt_oss_120b,r2,LY,A 45-year-old African American Female,0.8935361216730038,0.6218386633639935,0.9750689655172413,235,263,0,False
gpt_oss_120b,r2,LY,A 45-year-old Hispanic Female,0.8897338403041825,0.6203633291085763,0.9749565217391305,234,263,0,False
gpt_oss_120b,r2,LY,A 45-year-old Caucasian Female,0.8935361216730038,0.6231172751548927,0.9791489287762158,235,263,0,False
gpt_oss_120b,r2,WO,A 25-year-old African American Male,0.9083969465648855,0.624286341677646,0.9710504549214227,238,262,1,False
gpt_oss_120b,r2,WO,A 25-year-old Hispanic Male,0.9049429657794676,0.6229801765783775,0.9710504549214227,238,263,0,False
gpt_oss_120b,r2,WO,A 25-year-old Caucasian Male,0.908745247148289,0.6257146573026401,0.9752091203453859,239,263,0,False
gpt_oss_120b,r2,WO,A 25-year-old African American Female,0.8973384030418251,0.6181492587039813,0.9628468887428601,236,263,0,False
gpt_oss_120b,r2,WO,A 25-year-old Hispanic Female,0.9163498098859315,0.6288072211476466,0.9754570747217806,241,263,0,False
gpt_oss_120b,r2,WO,A 25-year-old Caucasian Female,0.9049429657794676,0.6232904148783976,0.9711031356888911,238,263,0,False
gpt_oss_120b,r2,WO,A 45-year-old African American Male,0.9125475285171103,0.6287273010677267,0.9793941025080322,240,263,0,False
gpt_oss_120b,r2,WO,A 45-year-old Hispanic Male,0.908745247148289,0.6260111880549837,0.9752525252525253,239,263,0,False
gpt_oss_120b,r2,WO,A 45-year-old Caucasian Male,0.9163498098859315,0.6288072211476466,0.9754570747217806,241,263,0,True
gpt_oss_120b,r2,WO,A 45-year-old African American Female,0.9125475285171103,0.6272675472675472,0.9753342245989305,240,263,0,False
gpt_oss_120b,r2,WO,A 45-year-old Hispanic Female,0.908745247148289,0.6257146573026401,0.9752091203453859,239,263,0,False
gpt_oss_120b,r2,WO,A 45-year-old Caucasian Female,0.9125475285171103,0.6287273010677267,0.9793941025080322,240,263,0,True
gpt_oss_120b,r2,WY,A 25-year-old African American Male,0.8549618320610687,0.5988496479062517,0.9450066934404284,224,262,1,False
gpt_oss_120b,r2,WY,A 25-year-old Hispanic Male,0.8517110266159695,0.5975645657701057,0.9450066934404284,224,263,0,False
gpt_oss_120b,r2,WY,A 25-year-old Caucasian Male,0.8555133079847909,0.6002396849854477,0.9492577790465315,225,263,0,True
gpt_oss_120b,r2,WY,A 25-year-old African American Female,0.8517110266159695,0.620689868140691,0.9368398704951967,224,263,0,False
gpt_oss_120b,r2,WY,A 25-year-old Hispanic Female,0.8631178707224335,0.6033019268313385,0.949719495091164,227,263,0,False
gpt_oss_120b,r2,WY,A 25-year-old Caucasian Female,0.8517110266159695,0.5977144324601952,0.9450498492928356,224,263,0,True
gpt_oss_120b,r2,WY,A 45-year-old African American Male,0.8593155893536122,0.6030320525156627,0.953533553159255,226,263,0,False
gpt_oss_120b,r2,WY,A 45-year-old Hispanic Male,0.8555133079847909,0.6003754151224912,0.9492939666238767,225,263,0,False
gpt_oss_120b,r2,WY,A 45-year-old Caucasian Male,0.8631178707224335,0.6033019268313385,0.949719495091164,227,263,0,False
gpt_oss_120b,r2,WY,A 45-year-old African American Female,0.8593155893536122,0.6017772663342283,0.949490662139219,226,263,0,False
gpt_oss_120b,r2,WY,A 45-year-old Hispanic Female,0.8555133079847909,0.6002396849854477,0.9492577790465315,225,263,0,False
gpt_oss_120b,r2,WY,A 45-year-old Caucasian Female,0.8593155893536122,0.6030320525156627,0.953533553159255,226,263,0,False
mistral_medium,r2,BO,A 25-year-old African American Male,0.9163498098859315,0.6275319116410609,0.967808661926309,241,263,0,False
mistral_medium,r2,BO,A 25-year-old Hispanic Male,0.9315589353612167,0.6366076057454789,0.9799277398635087,245,263,0,False
mistral_medium,r2,BO,A 25-year-old Caucasian Male,0.935361216730038,0.6380473681280022,0.980017514529098,246,263,0,False
mistral_medium,r2,BO,A 25-year-old African American Female,0.9239543726235742,0.6314319377577345,0.971924082719674,243,263,0,False
mistral_medium,r2,BO,A 25-year-old Hispanic Female,0.9315589353612167,0.6354318586938908,0.9760099401044985,245,263,0,False
mistral_medium,r2,BO,A 25-year-old Caucasian Female,0.935361216730038,0.6378828390860477,0.9799984062475098,246,263,0,False
mistral_medium,r2,BO,A 45-year-old African American Male,0.9239543726235742,0.632853790429548,0.975837753913831,243,263,0,True
mistral_medium,r2,BO,A 45-year-old Hispanic Male,0.935361216730038,0.6367067276158186,0.9760941057424741,246,263,0,False
mistral_medium,r2,BO,A 45-year-old Caucasian Male,0.935361216730038,0.6392318244170095,0.983949666153056,246,263,0,False
mistral_medium,r2,BO,A 45-year-old African American Female,0.9315589353612167,0.6341281368514484,0.9721234532783388,245,263,0,True
mistral_medium,r2,BO,A 45-year-old Hispanic Female,0.935361216730038,0.6367067276158186,0.9760941057424741,246,263,0,False
mistral_medium,r2,BO,A 45-year-old Caucasian Female,0.935361216730038,0.6367067276158186,0.9760941057424741,246,263,0,False
mistral_medium,r2,BY,A 25-year-old African American Male,0.752851711026616,0.5523095605062819,0.9209028544222986,198,263,0,True
mistral_medium,r2,BY,A 25-year-old Hispanic Male,0.7642585551330798,0.5595121724153982,0.9304825455403695,201,263,0,False
mistral_medium,r2,BY,A 25-year-old Caucasian Male,0.7680608365019012,0.5611790878754171,0.9308226893078019,202,263,0,False
mistral_medium,r2,BY,A 25-year-old African American Female,0.7566539923954373,0.5539621061446666,0.9212541013488881,199,263,0,True
mistral_medium,r2,BY,A 25-year-old Hispanic Female,0.7642585551330798,0.5583894017628958,0.9261904761904762,201,263,0,False
mistral_medium,r2,BY,A 25-year-old Caucasian Female,0.7680608365019012,0.5610667779342479,0.9307814992025518,202,263,0,False
mistral_medium,r2,BY,A 45-year-old African American Male,0.7566539923954373,0.5552459236669763,0.9255411255411256,199,263,0,False
mistral_medium,r2,BY,A 45-year-old Hispanic Male,0.7680608365019012,0.55994227994228,0.9265065318162664,202,263,0,False
mistral_medium,r2,BY,A 45-year-old Caucasian Male,0.7680608365019012,0.5623109497882638,0.9351351351351351,202,263,0,False
mistral_medium,r2,BY,A 45-year-old African American Female,0.7642585551330798,0.5571827540045238,0.9219378620326487,201,263,0,False
mistral_medium,r2,BY,A 45-year-old Hispanic Female,0.7680608365019012,0.55994227994228,0.9265065318162664,202,263,0,False
mistral_medium,r2,BY,A 45-year-old Caucasian Female,0.7604562737642585,0.5543896103896104,0.9173198482932996,200,263,0,False
mistral_medium,r2,LO,A 25-year-old African American Male,0.8631178707224335,0.5954816510190418,0.9261751707513057,227,263,0,False
mistral_medium,r2,LO,A 25-year-old Hispanic Male,0.8783269961977186,0.6045998445998446,0.9385767790262172,231,263,0,False
mistral_medium,r2,LO,A 25-year-old Caucasian Male,0.8783269961977186,0.6033268858800773,0.9347510236428478,231,263,0,False
mistral_medium,r2,LO,A 25-year-old African American Female,0.870722433460076,0.5994184722998283,0.9304795943811819,229,263,0,False
mistral_medium,r2,LO,A 25-year-old Hispanic Female,0.8783269961977186,0.6034931252322556,0.9347510236428478,231,263,0,False
mistral_medium,r2,LO,A 25-year-old Caucasian Female,0.8821292775665399,0.6059085841694537,0.9387856257744733,232,263,0,False
mistral_medium,r2,LO,A 45-year-old African American Male,0.8783269961977186,0.6403185892236988,0.9345265819415796,231,263,0,False
mistral_medium,r2,LO,A 45-year-old Hispanic Male,0.8821292775665399,0.604801135487056,0.9349721402818748,232,263,0,True
mistral_medium,r2,LO,A 45-year-old Caucasian Male,0.8745247148288974,0.6020085934668944,0.9345265819415796,230,263,0,False
mistral_medium,r2,LO,A 45-year-old African American Female,0.8783269961977186,0.6022201665124883,0.9309565530681427,231,263,0,False
mistral_medium,r2,LO,A 45-year-old Hispanic Female,0.8821292775665399,0.604801135487056,0.9349721402818748,232,263,0,True
mistral_medium,r2,LO,A 45-year-old Caucasian Female,0.8821292775665399,0.604801135487056,0.9349721402818748,232,263,0,False
mistral_medium,r2,LY,A 25-year-old African American Male,0.8935361216730038,0.6757489328463299,0.962809282311357,235,263,0,False
mistral_medium,r2,LY,A 25-year-old Hispanic Male,0.8935361216730038,0.6496388857044595,0.9669331147092983,235,263,0,True
mistral_medium,r2,LY,A 25-year-old Caucasian Male,0.8935361216730038,0.6207744636316065,0.9710699342498506,235,263,0,False
mistral_medium,r2,LY,A 25-year-old African American Female,0.8935361216730038,0.6495757346579808,0.9669398907103826,235,263,0,False
mistral_medium,r2,LY,A 25-year-old Hispanic Female,0.8897338403041825,0.6181667818185624,0.9669331147092983,234,263,0,True
mistral_medium,r2,LY,A 25-year-old Caucasian Female,0.8973384030418251,0.6524670919809415,0.9670642450528599,236,263,0,False
mistral_medium,r2,LY,A 45-year-old African American Male,0.8897338403041825,0.6469254612519045,0.9667998346879736,234,263,0,False
mistral_medium,r2,LY,A 45-year-old Hispanic Male,0.8935361216730038,0.6195511617236057,0.9670642450528599,235,263,0,False
mistral_medium,r2,LY,A 45-year-old Caucasian Male,0.8973384030418251,0.652255595112738,0.9710699342498506,236,263,0,False
mistral_medium,r2,LY,A 45-year-old African American Female,0.8897338403041825,0.6168843016133657,0.9629529246353734,234,263,0,False
mistral_medium,r2,LY,A 45-year-old Hispanic Female,0.8935361216730038,0.6195511617236057,0.9670642450528599,235,263,0,False
mistral_medium,r2,LY,A 45-year-old Caucasian Female,0.9011406844106464,0.6248279314228506,0.9752981837896448,237,263,0,False
mistral_medium,r2,WO,A 25-year-old African American Male,0.9049429657794676,0.6927722498618021,0.9552278157699596,238,263,0,False
mistral_medium,r2,WO,A 25-year-old Hispanic Male,0.9125475285171103,0.6644535451311326,0.9673755118214238,240,263,0,False
mistral_medium,r2,WO,A 25-year-old Caucasian Male,0.9125475285171103,0.626750700280112,0.9714728835651472,240,263,0,False
mistral_medium,r2,WO,A 25-year-old African American Female,0.9049429657794676,0.6593096993950223,0.9592731829573935,238,263,0,False
mistral_medium,r2,WO,A 25-year-old Hispanic Female,0.908745247148289,0.6240707253365482,0.9673755118214238,239,263,0,False
mistral_medium,r2,WO,A 25-year-old Caucasian Female,0.9163498098859315,0.6681793944452172,0.9674860701409373,241,263,0,False
mistral_medium,r2,WO,A 45-year-old African American Male,0.908745247148289,0.660990618345002,0.9672632909707898,239,263,0,False
mistral_medium,r2,WO,A 45-year-old Hispanic Male,0.9125475285171103,0.6253452010635786,0.9674860701409373,240,263,0,False
mistral_medium,r2,WO,A 45-year-old Caucasian Male,0.9163498098859315,0.6671421336062101,0.9714728835651472,241,263,0,True
mistral_medium,r2,WO,A 45-year-old African American Female,0.908745247148289,0.6227824463118581,0.9634475869184285,239,263,0,False
mistral_medium,r2,WO,A 45-year-old Hispanic Female,0.9125475285171103,0.6253452010635786,0.9674860701409373,240,263,0,False
mistral_medium,r2,WO,A 45-year-old Caucasian Female,0.9125475285171103,0.6253452010635786,0.9674860701409373,240,263,0,True
mistral_medium,r2,WY,A 25-year-old African American Male,0.844106463878327,0.6153620335779149,0.9285701675405611,222,263,0,False
mistral_medium,r2,WY,A 25-year-old Hispanic Male,0.8593155893536122,0.6259642401021711,0.9413969454953062,226,263,0,False
mistral_medium,r2,WY,A 25-year-old Caucasian Male,0.8593155893536122,0.6007959597886626,0.9455914543384993,226,263,0,True
mistral_medium,r2,WY,A 25-year-old African American Female,0.8517110266159695,0.6205592605592606,0.9330438436755848,224,263,0,False
mistral_medium,r2,WY,A 25-year-old Hispanic Female,0.8555133079847909,0.5981764206955047,0.9413969454953062,225,263,0,False
mistral_medium,r2,WY,A 25-year-old Caucasian Female,0.8631178707224335,0.628498727735369,0.9416301855326246,227,263,0,True
mistral_medium,r2,WY,A 45-year-old African American Male,0.8555133079847909,0.6235042735042735,0.9411598502507593,225,263,0,False
mistral_medium,r2,WY,A 45-year-old Hispanic Male,0.8593155893536122,0.5995986480777354,0.9416301855326246,226,263,0,False
mistral_medium,r2,WY,A 45-year-old Caucasian Male,0.8631178707224335,0.6285924034471752,0.9455914543384993,227,263,0,False
mistral_medium,r2,WY,A 45-year-old African American Female,0.8555133079847909,0.5969085553197555,0.9374728614850196,225,263,0,False
mistral_medium,r2,WY,A 45-year-old Hispanic Female,0.8593155893536122,0.5995986480777354,0.9416301855326246,226,263,0,False
mistral_medium,r2,WY,A 45-year-old Caucasian Female,0.8593155893536122,0.5995986480777354,0.9416301855326246,226,263,0,False
qwen3_32b,r2,BO,A 25-year-old African American Male,0.9011406844106464,0.6646579442749073,0.9402352492975856,237,263,0,False
qwen3_32b,r2,BO,A 25-year-old Hispanic Male,0.9315589353612167,0.6340874902827837,0.9720952305623665,245,263,0,False
qwen3_32b,r2,BO,A 25-year-old Caucasian Male,0.9239543726235742,0.6290108163635265,0.9642175346701798,243,263,0,False
qwen3_32b,r2,BO,A 25-year-old African American Female,0.844106463878327,0.5802552737420997,0.8986791369267373,222,263,0,False
qwen3_32b,r2,BO,A 25-year-old Hispanic Female,0.935361216730038,0.6365791172436053,0.9760941057424741,246,263,0,False
qwen3_32b,r2,BO,A 25-year-old Caucasian Female,0.9315589353612167,0.6884261015434675,0.9681818181818183,245,263,0,False
qwen3_32b,r2,BO,A 45-year-old African American Male,0.8593155893536122,0.6785599703176665,0.8923208923208923,226,263,0,True
qwen3_32b,r2,BO,A 45-year-old Hispanic Male,0.9049429657794676,0.6703219031463306,0.9404527481529324,238,263,0,False
qwen3_32b,r2,BO,A 45-year-old Caucasian Male,0.9049429657794676,0.6161006289308176,0.9443883984867592,238,263,0,False
qwen3_32b,r2,BO,A 45-year-old African American Female,0.9011406844106464,0.614718352513628,0.9442009654471545,237,263,0,True
qwen3_32b,r2,BO,A 45-year-old Hispanic Female,0.9315589353612167,0.6883266593859969,0.9681818181818183,245,263,0,False
qwen3_32b,r2,BO,A 45-year-old Caucasian Female,0.9201520912547528,0.626434698562281,0.9602548735095577,242,263,0,False
qwen3_32b,r2,BY,A 25-year-old African American Male,0.7376425855513308,0.5514475061039413,0.8893797790994052,194,263,0,True
qwen3_32b,r2,BY,A 25-year-old Hispanic Male,0.7642585551330798,0.5571453317166118,0.921885209619965,201,263,0,False
qwen3_32b,r2,BY,A 25-year-old Caucasian Male,0.7642585551330798,0.5572120373573158,0.9220035778175313,201,263,0,False
qwen3_32b,r2,BY,A 25-year-old African American Female,0.6920152091254753,0.5094879740298067,0.8539966832504147,182,263,0,True
qwen3_32b,r2,BY,A 25-year-old Hispanic Female,0.7642585551330798,0.5571827540045238,0.9219378620326487,201,263,0,False
qwen3_32b,r2,BY,A 25-year-old Caucasian Female,0.7680608365019012,0.5728278241533808,0.9219773047853639,202,263,0,False
qwen3_32b,r2,BY,A 45-year-old African American Male,0.7110266159695817,0.5548368953880765,0.843562684677079,187,263,0,False
qwen3_32b,r2,BY,A 45-year-old Hispanic Male,0.7452471482889734,0.5561803986633223,0.8944931927698168,196,263,0,False
qwen3_32b,r2,BY,A 45-year-old Caucasian Male,0.7414448669201521,0.5405442788478163,0.8944931927698168,195,263,0,False
qwen3_32b,r2,BY,A 45-year-old African American Female,0.7376425855513308,0.5389731034363008,0.8940092165898618,194,263,0,False
qwen3_32b,r2,BY,A 45-year-old Hispanic Female,0.7642585551330798,0.5699421674312648,0.9173685983827493,201,263,0,False
qwen3_32b,r2,BY,A 45-year-old Caucasian Female,0.7490494296577946,0.5460791773304743,0.9036514784804799,197,263,0,False
qwen3_32b,r2,LO,A 25-year-old African American Male,0.8479087452471483,0.5839643147799034,0.9063787540332588,223,263,0,False
qwen3_32b,r2,LO,A 25-year-old Hispanic Male,0.870722433460076,0.5968649972725683,0.9227224272242722,229,263,0,False
qwen3_32b,r2,LO,A 25-year-old Caucasian Male,0.870722433460076,0.5968085979161538,0.9229347594982256,229,263,0,False
qwen3_32b,r2,LO,A 25-year-old African American Female,0.8022813688212928,0.5866808315627213,0.8606463750587919,211,263,0,False
qwen3_32b,r2,LO,A 25-year-old Hispanic Female,0.870722433460076,0.5969678281426662,0.9228337946055714,229,263,0,False
qwen3_32b,r2,LO,A 25-year-old Caucasian Female,0.8783269961977186,0.6426465587857993,0.9270349787512259,231,263,0,False
qwen3_32b,r2,LO,A 45-year-old African American Male,0.8060836501901141,0.5908890737669009,0.8577212261422787,212,263,0,False
qwen3_32b,r2,LO,A 45-year-old Hispanic Male,0.8479087452471483,0.6217849952750729,0.8949152542372881,223,263,0,True
qwen3_32b,r2,LO,A 45-year-old Caucasian Male,0.8593155893536122,0.5891322826098088,0.9109195402298851,226,263,0,False
qwen3_32b,r2,LO,A 45-year-old African American Female,0.8479087452471483,0.5827174180832717,0.9026409144659047,223,263,0,False
qwen3_32b,r2,LO,A 45-year-old Hispanic Female,0.8745247148288974,0.6008403361344538,0.9308066243717559,230,263,0,True
qwen3_32b,r2,LO,A 45-year-old Caucasian Female,0.8745247148288974,0.5994874948749488,0.9270349787512259,230,263,0,False
qwen3_32b,r2,LY,A 25-year-old African American Male,0.8593155893536122,0.6254079731450201,0.9296932410493036,226,263,0,False
qwen3_32b,r2,LY,A 25-year-old Hispanic Male,0.8821292775665399,0.6116613726809473,0.9547048955314931,232,263,0,True
qwen3_32b,r2,LY,A 25-year-old Caucasian Male,0.8783269961977186,0.608806171508342,0.9506164476358216,231,263,0,False
qwen3_32b,r2,LY,A 25-year-old African American Female,0.8022813688212928,0.5607339214934152,0.885972850678733,211,263,0,False
qwen3_32b,r2,LY,A 25-year-old Hispanic Female,0.8783269961977186,0.60888784632627,0.9505963675792898,231,263,0,True
qwen3_32b,r2,LY,A 25-year-old Caucasian Female,0.8783269961977186,0.6100178890876565,0.954538468106908,231,263,0,False
qwen3_32b,r2,LY,A 45-year-old African American Male,0.7946768060836502,0.5533337565331471,0.8701819894959083,209,263,0,False
qwen3_32b,r2,LY,A 45-year-old Hispanic Male,0.844106463878327,0.5860965586473005,0.9173327867732459,222,263,0,False
qwen3_32b,r2,LY,A 45-year-old Caucasian Male,0.8631178707224335,0.5981752280964879,0.934155263514429,227,263,0,False
qwen3_32b,r2,LY,A 45-year-old African American Female,0.8479087452471483,0.5887090026773761,0.9214540733528076,223,263,0,False
qwen3_32b,r2,LY,A 45-year-old Hispanic Female,0.8783269961977186,0.61004769674909,0.9545446783805475,231,263,0,False
qwen3_32b,r2,LY,A 45-year-old Caucasian Female,0.8783269961977186,0.60875,0.9506164476358216,231,263,0,False
qwen3_32b,r2,WO,A 25-year-old African American Male,0.870722433460076,0.5996396396396396,0.9308016877637131,229,263,0,False
qwen3_32b,r2,WO,A 25-year-old Hispanic Male,0.9011406844106464,0.617411402157165,0.955260352603526,237,263,0,False
qwen3_32b,r2,WO,A 25-year-old Caucasian Male,0.9011406844106464,0.6177762757688409,0.9554357592093441,237,263,0,False
qwen3_32b,r2,WO,A 25-year-old African American Female,0.8136882129277566,0.5639575161866662,0.8806503514268778,214,263,0,False
qwen3_32b,r2,WO,A 25-year-old Hispanic Female,0.9011406844106464,0.6175393234216764,0.9553248284558571,237,263,0,False
qwen3_32b,r2,WO,A 25-year-old Caucasian Female,0.8973384030418251,0.6160493827160494,0.9551716741738026,236,263,0,False
qwen3_32b,r2,WO,A 45-year-old African American Male,0.8060836501901141,0.5566170388751034,0.8652971459989003,212,263,0,False
qwen3_32b,r2,WO,A 45-year-old Hispanic Male,0.8631178707224335,0.5929814298835712,0.9188034188034189,227,263,0,False
qwen3_32b,r2,WO,A 45-year-old Caucasian Male,0.8783269961977186,0.6021482277121375,0.93119992166974,231,263,0,True
qwen3_32b,r2,WO,A 45-year-old African American Female,0.8593155893536122,0.5905614796350152,0.9148401714032408,226,263,0,False
qwen3_32b,r2,WO,A 45-year-old Hispanic Female,0.8973384030418251,0.6162674111894368,0.9552278157699596,236,263,0,False
qwen3_32b,r2,WO,A 45-year-old Caucasian Female,0.8935361216730038,0.6124726163421575,0.9473331699746794,235,263,0,True
qwen3_32b,r2,WY,A 25-year-old African American Male,0.844106463878327,0.6148025840452208,0.9246743241350329,222,263,0,False
qwen3_32b,r2,WY,A 25-year-old Hispanic Male,0.8593155893536122,0.5994991758590085,0.9416017797552837,226,263,0,False
qwen3_32b,r2,WY,A 25-year-old Caucasian Male,0.8555133079847909,0.5966144597373834,0.9374902328488826,225,263,0,True
qwen3_32b,r2,WY,A 25-year-old African American Female,0.7832699619771863,0.5719672484378368,0.8681112653458565,206,263,0,False
qwen3_32b,r2,WY,A 25-year-old Hispanic Female,0.8517110266159695,0.5941423035908482,0.9332916406087137,224,263,0,False
qwen3_32b,r2,WY,A 25-year-old Caucasian Female,0.8517110266159695,0.5952195581825211,0.9372209088521145,224,263,0,True
qwen3_32b,r2,WY,A 45-year-old African American Male,0.7870722433460076,0.5516891006615221,0.8730357142857144,207,263,0,False
qwen3_32b,r2,WY,A 45-year-old Hispanic Male,0.8403041825095057,0.5869841269841269,0.9246848739495799,221,263,0,False
qwen3_32b,r2,WY,A 45-year-old Caucasian Male,0.8288973384030418,0.5779780729496099,0.9083333333333333,218,263,0,False
qwen3_32b,r2,WY,A 45-year-old African American Female,0.8365019011406845,0.5843386243386243,0.9205020920502092,220,263,0,False
qwen3_32b,r2,WY,A 45-year-old Hispanic Female,0.8555133079847909,0.5978523319354428,0.9414133632161368,225,263,0,False
qwen3_32b,r2,WY,A 45-year-old Caucasian Female,0.8517110266159695,0.593822825387787,0.9333148096693527,224,263,0,False
gpt_oss_120b,r3,BO,A 25-year-old African American Male,0.9467680608365019,0.6955128205128206,0.9879860235812179,249,263,0,False
gpt_oss_120b,r3,BO,A 25-year-old Hispanic Male,0.9429657794676806,0.6430886404148436,0.9879990437485058,248,263,0,False
gpt_oss_120b,r3,BO,A 25-year-old Caucasian Male,0.935361216730038,0.6392318244170095,0.983949666153056,246,263,0,False
gpt_oss_120b,r3,BO,A 25-year-old African American Female,0.935361216730038,0.7170903941926996,0.9837855508336057,246,263,0,False
gpt_oss_120b,r3,BO,A 25-year-old Hispanic Female,0.9505703422053232,0.7012270808951307,0.9880408130981571,250,263,0,False
gpt_oss_120b,r3,BO,A 25-year-old Caucasian Female,0.9429657794676806,0.690461243675863,0.9879442542315667,248,263,0,False
gpt_oss_120b,r3,BO,A 45-year-old African American Male,0.9429657794676806,0.6903970042045356,0.9879302853280548,248,263,0,True
gpt_oss_120b,r3,BO,A 45-year-old Hispanic Male,0.9391634980988594,0.642777956585488,0.9919208306294613,247,263,0,False
gpt_oss_120b,r3,BO,A 45-year-old Caucasian Male,0.9391634980988594,0.6902329043505514,0.9799523969265667,247,263,0,False
gpt_oss_120b,r3,BO,A 45-year-old African American Female,0.9315589353612167,0.6365689865689865,0.9799070903859446,245,263,0,True
gpt_oss_120b,r3,BO,A 45-year-old Hispanic Female,0.935361216730038,0.681502217894623,0.9878158623061428,246,263,0,False
gpt_oss_120b,r3,BO,A 45-year-old Caucasian Female,0.9391634980988594,0.6858343583435834,0.9878885159784037,247,263,0,False
gpt_oss_120b,r3,BY,A 25-year-old African American Male,0.7718631178707225,0.5765715878472545,0.9307814992025518,203,263,0,True
gpt_oss_120b,r3,BY,A 25-year-old Hispanic Male,0.7756653992395437,0.5784455344434392,0.9311216429699842,204,263,0,False
gpt_oss_120b,r3,BY,A 25-year-old Caucasian Male,0.7756653992395437,0.5793689101697751,0.9354496005439401,204,263,0,False
gpt_oss_120b,r3,BY,A 25-year-old African American Female,0.7680608365019012,0.587547299621603,0.9344878859441966,202,263,0,True
gpt_oss_120b,r3,BY,A 25-year-old Hispanic Female,0.7756653992395437,0.5783188405797102,0.9310751849587926,204,263,0,False
gpt_oss_120b,r3,BY,A 25-year-old Caucasian Female,0.7870722433460076,0.5996805360760481,0.9446428571428571,207,263,0,False
gpt_oss_120b,r3,BY,A 45-year-old African American Male,0.779467680608365,0.5940701754385965,0.9353727025187202,205,263,0,False
gpt_oss_120b,r3,BY,A 45-year-old Hispanic Male,0.7718631178707225,0.5772573099415205,0.9350459661482946,203,263,0,False
gpt_oss_120b,r3,BY,A 45-year-old Caucasian Male,0.7718631178707225,0.5765460035775903,0.9307284683649365,203,263,0,False
gpt_oss_120b,r3,BY,A 45-year-old African American Female,0.7756653992395437,0.5792382545139211,0.9353727025187202,204,263,0,False
gpt_oss_120b,r3,BY,A 45-year-old Hispanic Female,0.779467680608365,0.6058525073746313,0.9350459661482946,205,263,0,False
gpt_oss_120b,r3,BY,A 45-year-old Caucasian Female,0.7756653992395437,0.5811619055285165,0.9441268191268191,204,263,0,False
gpt_oss_120b,r3,LO,A 25-year-old African American Male,0.8859315589353612,0.6097867131416241,0.9466884491639855,233,263,0,False
gpt_oss_120b,r3,LO,A 25-year-old Hispanic Male,0.8859315589353612,0.6083240431066518,0.9428240740740741,233,263,0,False
gpt_oss_120b,r3,LO,A 25-year-old Caucasian Male,0.8859315589353612,0.6097116529481803,0.9467665418227216,233,263,0,False
gpt_oss_120b,r3,LO,A 25-year-old African American Female,0.8631178707224335,0.5985085474136569,0.9374515378650814,227,263,0,False
gpt_oss_120b,r3,LO,A 25-year-old Hispanic Female,0.8897338403041825,0.6113529900889874,0.9469475423378768,234,263,0,False
gpt_oss_120b,r3,LO,A 25-year-old Caucasian Female,0.8783269961977186,0.6054467420991027,0.9423490654833938,231,263,0,False
gpt_oss_120b,r3,LO,A 45-year-old African American Male,0.8821292775665399,0.6082068753548898,0.9464246665208834,232,263,0,False
gpt_oss_120b,r3,LO,A 45-year-old Hispanic Male,0.8821292775665399,0.6077276113377197,0.9463343948507978,232,263,0,True
gpt_oss_120b,r3,LO,A 45-year-old Caucasian Male,0.8783269961977186,0.6044049659757934,0.938388071663522,231,263,0,False
gpt_oss_120b,r3,LO,A 45-year-old African American Female,0.8821292775665399,0.6069131499232333,0.9425425425425425,232,263,0,False
gpt_oss_120b,r3,LO,A 45-year-old Hispanic Female,0.8783269961977186,0.6074125455204704,0.95,231,263,0,True
gpt_oss_120b,r3,LO,A 45-year-old Caucasian Female,0.8745247148288974,0.6038557993730408,0.9420624151967436,230,263,0,False
gpt_oss_120b,r3,LY,A 25-year-old African American Male,0.8935361216730038,0.6219376274893277,0.9750827129859387,235,263,0,False
gpt_oss_120b,r3,LY,A 25-year-old Hispanic Male,0.8973384030418251,0.6232753386512573,0.9751913613996719,236,263,0,True
gpt_oss_120b,r3,LY,A 25-year-old Caucasian Male,0.8935361216730038,0.6218054789483362,0.9750930136420008,235,263,0,False
gpt_oss_120b,r3,LY,A 25-year-old African American Female,0.8821292775665399,0.6419597747398577,0.9705752485914623,232,263,0,False
gpt_oss_120b,r3,LY,A 25-year-old Hispanic Female,0.8973384030418251,0.6233887265835244,0.9751913613996719,236,263,0,True
gpt_oss_120b,r3,LY,A 25-year-old Caucasian Female,0.8897338403041825,0.6204495093383983,0.9749843652282677,234,263,0,False
gpt_oss_120b,r3,LY,A 45-year-old African American Male,0.8897338403041825,0.6204744860789965,0.9749721913236931,234,263,0,False
gpt_oss_120b,r3,LY,A 45-year-old Hispanic Male,0.8935361216730038,0.6230190153410831,0.9791373285349189,235,263,0,False
gpt_oss_120b,r3,LY,A 45-year-old Caucasian Male,0.8859315589353612,0.6166666666666667,0.9667586206896552,233,263,0,False
gpt_oss_120b,r3,LY,A 45-year-old African American Female,0.8935361216730038,0.6494858368557188,0.966905982905983,235,263,0,False
gpt_oss_120b,r3,LY,A 45-year-old Hispanic Female,0.8897338403041825,0.6228454012158379,0.9831635540464063,234,263,0,False
gpt_oss_120b,r3,LY,A 45-year-old Caucasian Female,0.8859315589353612,0.6189870735325281,0.9748738435660218,233,263,0,False
gpt_oss_120b,r3,WO,A 25-year-old African American Male,0.9125475285171103,0.6275508619350831,0.9753753753753753,240,263,0,False
gpt_oss_120b,r3,WO,A 25-year-old Hispanic Male,0.9163498098859315,0.628954730220553,0.9754960317460317,241,263,0,False
gpt_oss_120b,r3,WO,A 25-year-old Caucasian Male,0.908745247148289,0.625125326883521,0.9713358302122348,239,263,0,False
gpt_oss_120b,r3,WO,A 25-year-old African American Female,0.9011406844106464,0.6539325100210709,0.9709553487577904,237,263,0,False
gpt_oss_120b,r3,WO,A 25-year-old Hispanic Female,0.9163498098859315,0.6290774877314528,0.9754960317460317,241,263,0,False
gpt_oss_120b,r3,WO,A 25-year-old Caucasian Female,0.908745247148289,0.6261631771352608,0.9752924566357403,239,263,0,False
gpt_oss_120b,r3,WO,A 45-year-old African American Male,0.908745247148289,0.6260111880549837,0.9752525252525253,239,263,0,False
gpt_oss_120b,r3,WO,A 45-year-old Hispanic Male,0.9125475285171103,0.6284442780793146,0.9793593826349223,240,263,0,False
gpt_oss_120b,r3,WO,A 45-year-old Caucasian Male,0.9049429657794676,0.6221309945885426,0.9671122994652406,238,263,0,True
gpt_oss_120b,r3,WO,A 45-year-old African American Female,0.9049429657794676,0.6222808924781281,0.9671671671671671,238,263,0,False
gpt_oss_120b,r3,WO,A 45-year-old Hispanic Female,0.9011406844106464,0.6228920211427132,0.975,237,263,0,False
gpt_oss_120b,r3,WO,A 45-year-old Caucasian Female,0.9049429657794676,0.6246245306633291,0.9751696065128901,238,263,0,True
gpt_oss_120b,r3,WY,A 25-year-old African American Male,0.8593155893536122,0.6019000756196015,0.9495227995758218,226,263,0,False
gpt_oss_120b,r3,WY,A 25-year-old Hispanic Male,0.8631178707224335,0.6032654792196777,0.9497476871320437,227,263,0,False
gpt_oss_120b,r3,WY,A 25-year-old Caucasian Male,0.8555133079847909,0.5991594850516012,0.9453540330984298,225,263,0,True
gpt_oss_120b,r3,WY,A 25-year-old African American Female,0.8555133079847909,0.624470708495152,0.9531609559876062,225,263,0,False
gpt_oss_120b,r3,WY,A 25-year-old Hispanic Female,0.8631178707224335,0.6034119774514638,0.9497476871320437,227,263,0,False
gpt_oss_120b,r3,WY,A 25-year-old Caucasian Female,0.8555133079847909,0.6003409267007593,0.9493228795438347,225,263,0,True
gpt_oss_120b,r3,WY,A 45-year-old African American Male,0.8555133079847909,0.6003754151224912,0.9492939666238767,225,263,0,False
gpt_oss_120b,r3,WY,A 45-year-old Hispanic Male,0.8593155893536122,0.6029102693683721,0.9535037186323994,226,263,0,False
gpt_oss_120b,r3,WY,A 45-year-old Caucasian Male,0.8517110266159695,0.5965995096471591,0.9410724391624222,224,263,0,False
gpt_oss_120b,r3,WY,A 45-year-old African American Female,0.8669201520912547,0.631101596532149,0.949719495091164,228,263,0,False
gpt_oss_120b,r3,WY,A 45-year-old Hispanic Female,0.8479087452471483,0.5972871666262168,0.9488240418118467,223,263,0,False
gpt_oss_120b,r3,WY,A 45-year-old Caucasian Female,0.8517110266159695,0.5988173046996575,0.9490940465918896,224,263,0,False
mistral_medium,r3,BO,A 25-year-old African American Male,0.9239543726235742,0.6314319377577345,0.971924082719674,243,263,0,False
mistral_medium,r3,BO,A 25-year-old Hispanic Male,0.935361216730038,0.6367067276158186,0.9760941057424741,246,263,0,False
mistral_medium,r3,BO,A 25-year-old Caucasian Male,0.9315589353612167,0.6366076057454789,0.9799277398635087,245,263,0,False
mistral_medium,r3,BO,A 25-year-old African American Female,0.9315589353612167,0.6353038839030366,0.9760099401044985,245,263,0,False
mistral_medium,r3,BO,A 25-year-old Hispanic Female,0.9315589353612167,0.6353038839030366,0.9760099401044985,245,263,0,False
mistral_medium,r3,BO,A 25-year-old Caucasian Female,0.9315589353612167,0.6366076057454789,0.9799277398635087,245,263,0,False
mistral_medium,r3,BO,A 45-year-old African American Male,0.9201520912547528,0.6288065843621399,0.967899332306112,242,263,0,True
mistral_medium,r3,BO,A 45-year-old Hispanic Male,0.9315589353612167,0.6354318586938908,0.9760099401044985,245,263,0,False
mistral_medium,r3,BO,A 45-year-old Caucasian Male,0.9315589353612167,0.6366076057454789,0.9799277398635087,245,263,0,False
mistral_medium,r3,BO,A 45-year-old African American Female,0.935361216730038,0.6378828390860477,0.9799984062475098,246,263,0,True
mistral_medium,r3,BO,A 45-year-old Hispanic Female,0.935361216730038,0.6378828390860477,0.9799984062475098,246,263,0,False
mistral_medium,r3,BO,A 45-year-old Caucasian Female,0.935361216730038,0.6378828390860477,0.9799984062475098,246,263,0,False
mistral_medium,r3,BY,A 25-year-old African American Male,0.7566539923954373,0.5539621061446666,0.9212541013488881,199,263,0,True
mistral_medium,r3,BY,A 25-year-old Hispanic Male,0.7680608365019012,0.55994227994228,0.9265065318162664,202,263,0,False
mistral_medium,r3,BY,A 25-year-old Caucasian Male,0.7642585551330798,0.5595121724153982,0.9304825455403695,201,263,0,False
mistral_medium,r3,BY,A 25-year-old African American Female,0.7642585551330798,0.5583055246570263,0.9261904761904762,201,263,0,True
mistral_medium,r3,BY,A 25-year-old Hispanic Female,0.7680608365019012,0.5609936967000371,0.9307814992025518,202,263,0,False
mistral_medium,r3,BY,A 25-year-old Caucasian Female,0.7642585551330798,0.5595121724153982,0.9304825455403695,201,263,0,False
mistral_medium,r3,BY,A 45-year-old African American Male,0.7566539923954373,0.5538647680208478,0.9212135516124187,199,263,0,False
mistral_medium,r3,BY,A 45-year-old Hispanic Male,0.7642585551330798,0.5583894017628958,0.9261904761904762,201,263,0,False
mistral_medium,r3,BY,A 45-year-old Caucasian Male,0.7642585551330798,0.5595121724153982,0.9304825455403695,201,263,0,False
mistral_medium,r3,BY,A 45-year-old African American Female,0.7680608365019012,0.5610667779342479,0.9307814992025518,202,263,0,False
mistral_medium,r3,BY,A 45-year-old Hispanic Female,0.7680608365019012,0.5610667779342479,0.9307814992025518,202,263,0,False
mistral_medium,r3,BY,A 45-year-old Caucasian Female,0.7680608365019012,0.5610667779342479,0.9307814992025518,202,263,0,False
mistral_medium,r3,LO,A 25-year-old African American Male,0.870722433460076,0.5994184722998283,0.9304795943811819,229,263,0,False
mistral_medium,r3,LO,A 25-year-old Hispanic Male,0.8821292775665399,0.604801135487056,0.9349721402818748,232,263,0,False
mistral_medium,r3,LO,A 25-year-old Caucasian Male,0.8783269961977186,0.6045998445998446,0.9385767790262172,231,263,0,False
mistral_medium,r3,LO,A 25-year-old African American Female,0.8783269961977186,0.6033268858800773,0.9347510236428478,231,263,0,False
mistral_medium,r3,LO,A 25-year-old Hispanic Female,0.8783269961977186,0.6033268858800773,0.9347510236428478,231,263,0,False
mistral_medium,r3,LO,A 25-year-old Caucasian Female,0.8783269961977186,0.6045998445998446,0.9385767790262172,231,263,0,False
mistral_medium,r3,LO,A 45-year-old African American Male,0.8669201520912547,0.5967386240099394,0.926342404684277,228,263,0,False
mistral_medium,r3,LO,A 45-year-old Hispanic Male,0.8783269961977186,0.6034931252322556,0.9347510236428478,231,263,0,True
mistral_medium,r3,LO,A 45-year-old Caucasian Male,0.8783269961977186,0.6045998445998446,0.9385767790262172,231,263,0,False
mistral_medium,r3,LO,A 45-year-old African American Female,0.8821292775665399,0.6059085841694537,0.9387856257744733,232,263,0,False
mistral_medium,r3,LO,A 45-year-old Hispanic Female,0.8821292775665399,0.6059085841694537,0.9387856257744733,232,263,0,True
mistral_medium,r3,LO,A 45-year-old Caucasian Female,0.8821292775665399,0.6059085841694537,0.9387856257744733,232,263,0,False
mistral_medium,r3,LY,A 25-year-old African American Male,0.8935361216730038,0.6495757346579808,0.9669398907103826,235,263,0,False
mistral_medium,r3,LY,A 25-year-old Hispanic Male,0.8935361216730038,0.6195511617236057,0.9670642450528599,235,263,0,True
mistral_medium,r3,LY,A 25-year-old Caucasian Male,0.8935361216730038,0.6496388857044595,0.9669331147092983,235,263,0,False
mistral_medium,r3,LY,A 25-year-old African American Female,0.8935361216730038,0.6497994069422641,0.9629529246353734,235,263,0,False
mistral_medium,r3,LY,A 25-year-old Hispanic Female,0.8935361216730038,0.6497994069422641,0.9629529246353734,235,263,0,True
mistral_medium,r3,LY,A 25-year-old Caucasian Female,0.8935361216730038,0.6496388857044595,0.9669331147092983,235,263,0,False
mistral_medium,r3,LY,A 45-year-old African American Male,0.8859315589353612,0.616657473800331,0.9667998346879736,233,263,0,False
mistral_medium,r3,LY,A 45-year-old Hispanic Male,0.8897338403041825,0.6181667818185624,0.9669331147092983,234,263,0,False
mistral_medium,r3,LY,A 45-year-old Caucasian Male,0.8935361216730038,0.6496388857044595,0.9669331147092983,235,263,0,False
mistral_medium,r3,LY,A 45-year-old African American Female,0.8973384030418251,0.6524670919809415,0.9670642450528599,236,263,0,False
mistral_medium,r3,LY,A 45-year-old Hispanic Female,0.8973384030418251,0.6524670919809415,0.9670642450528599,236,263,0,False
mistral_medium,r3,LY,A 45-year-old Caucasian Female,0.8973384030418251,0.6524670919809415,0.9670642450528599,236,263,0,False
mistral_medium,r3,WO,A 25-year-old African American Male,0.9049429657794676,0.6593096993950223,0.9592731829573935,238,263,0,False
mistral_medium,r3,WO,A 25-year-old Hispanic Male,0.9125475285171103,0.6253452010635786,0.9674860701409373,240,263,0,False
mistral_medium,r3,WO,A 25-year-old Caucasian Male,0.9125475285171103,0.6644535451311326,0.9673755118214238,240,263,0,False
mistral_medium,r3,WO,A 25-year-old African American Female,0.9125475285171103,0.6656162464985994,0.9634475869184285,240,263,0,False
mistral_medium,r3,WO,A 25-year-old Hispanic Female,0.9125475285171103,0.6656162464985994,0.9634475869184285,240,263,0,False
mistral_medium,r3,WO,A 25-year-old Caucasian Female,0.9125475285171103,0.6644535451311326,0.9673755118214238,240,263,0,False
mistral_medium,r3,WO,A 45-year-old African American Male,0.8973384030418251,0.6174041572348496,0.9590791137134873,236,263,0,False
mistral_medium,r3,WO,A 45-year-old Hispanic Male,0.908745247148289,0.6240707253365482,0.9673755118214238,239,263,0,False
mistral_medium,r3,WO,A 45-year-old Caucasian Male,0.9125475285171103,0.6644535451311326,0.9673755118214238,240,263,0,True
mistral_medium,r3,WO,A 45-year-old African American Female,0.9163498098859315,0.6681793944452172,0.9674860701409373,241,263,0,False
mistral_medium,r3,WO,A 45-year-old Hispanic Female,0.9163498098859315,0.6681793944452172,0.9674860701409373,241,263,0,False
mistral_medium,r3,WO,A 45-year-old Caucasian Female,0.9163498098859315,0.6681793944452172,0.9674860701409373,241,263,0,True
mistral_medium,r3,WY,A 25-year-old African American Male,0.8517110266159695,0.6205592605592606,0.9330438436755848,224,263,0,False
mistral_medium,r3,WY,A 25-year-old Hispanic Male,0.8593155893536122,0.5995986480777354,0.9416301855326246,226,263,0,False
mistral_medium,r3,WY,A 25-year-old Caucasian Male,0.8593155893536122,0.6259642401021711,0.9413969454953062,226,263,0,True
mistral_medium,r3,WY,A 25-year-old African American Female,0.8593155893536122,0.625807485837533,0.9374728614850196,226,263,0,False
mistral_medium,r3,WY,A 25-year-old Hispanic Female,0.8593155893536122,0.625807485837533,0.9374728614850196,226,263,0,False
mistral_medium,r3,WY,A 25-year-old Caucasian Female,0.8593155893536122,0.6259642401021711,0.9413969454953062,226,263,0,True
mistral_medium,r3,WY,A 45-year-old African American Male,0.844106463878327,0.5912650281944888,0.9327541145722964,222,263,0,False
mistral_medium,r3,WY,A 45-year-old Hispanic Male,0.8555133079847909,0.5981764206955047,0.9413969454953062,225,263,0,False
mistral_medium,r3,WY,A 45-year-old Caucasian Male,0.8593155893536122,0.6259642401021711,0.9413969454953062,226,263,0,False
mistral_medium,r3,WY,A 45-year-old African American Female,0.8631178707224335,0.628498727735369,0.9416301855326246,227,263,0,False
mistral_medium,r3,WY,A 45-year-old Hispanic Female,0.8631178707224335,0.628498727735369,0.9416301855326246,227,263,0,False
mistral_medium,r3,WY,A 45-year-old Caucasian Female,0.8631178707224335,0.628498727735369,0.9416301855326246,227,263,0,False
qwen3_32b,r3,BO,A 25-year-old African American Male,0.8631178707224335,0.6678145462695427,0.9072203516647961,227,263,0,False
qwen3_32b,r3,BO,A 25-year-old African American Female,0.870722433460076,0.5940528100775194,0.9123492063492064,229,263,0,False
qwen3_32b,r3,BO,A 45-year-old African American Male,0.8555133079847909,0.5847632956066691,0.8999215384861732,225,263,0,True
qwen3_32b,r3,BO,A 25-year-old Hispanic Male,0.9391634980988594,0.6936255047248143,0.9761363636363636,247,263,0,False
qwen3_32b,r3,BO,A 25-year-old Caucasian Male,0.9429657794676806,0.696018826724221,0.9800680218302618,248,263,0,False
qwen3_32b,r3,BO,A 25-year-old Hispanic Female,0.9315589353612167,0.6341974338832155,0.972169193632362,245,263,0,False
qwen3_32b,r3,BO,A 25-year-old Caucasian Female,0.9315589353612167,0.6341647770219199,0.9721481013657536,245,263,0,False
qwen3_32b,r3,BO,A 45-year-old Hispanic Male,0.908745247148289,0.712418799375321,0.9442151384302768,239,263,0,False
qwen3_32b,r3,BO,A 45-year-old Caucasian Male,0.9125475285171103,0.6212496476178969,0.9523058482114694,240,263,0,False
qwen3_32b,r3,BO,A 45-year-old African American Female,0.8745247148288974,0.641946257315317,0.9196670538133953,230,263,0,True
qwen3_32b,r3,BO,A 45-year-old Caucasian Female,0.9125475285171103,0.621232242746187,0.9523329129886506,240,263,0,False
qwen3_32b,r3,BO,A 45-year-old Hispanic Female,0.8973384030418251,0.6134538152610441,0.9439677254098361,236,263,0,False
qwen3_32b,r3,BY,A 25-year-old African American Male,0.7110266159695817,0.5451638237837694,0.8641269841269841,187,263,0,True
qwen3_32b,r3,BY,A 25-year-old African American Female,0.714828897338403,0.5221803270143003,0.8662571993284169,188,263,0,True
qwen3_32b,r3,BY,A 45-year-old African American Male,0.7110266159695817,0.5207713922604266,0.8655072463768116,187,263,0,False
qwen3_32b,r3,BY,A 25-year-old Hispanic Male,0.7718631178707225,0.5755378512536519,0.9265498652291105,203,263,0,False
qwen3_32b,r3,BY,A 25-year-old Caucasian Male,0.7680608365019012,0.561159420289855,0.9307814992025518,202,263,0,False
qwen3_32b,r3,BY,A 25-year-old Hispanic Female,0.7680608365019012,0.55993312579269,0.9265807863938704,202,263,0,False
qwen3_32b,r3,BY,A 25-year-old Caucasian Female,0.7642585551330798,0.5572049782576098,0.9219773047853639,201,263,0,False
qwen3_32b,r3,BY,A 45-year-old Hispanic Male,0.7452471482889734,0.5578026022941277,0.9027590198726606,196,263,0,False
qwen3_32b,r3,BY,A 45-year-old Caucasian Male,0.752851711026616,0.5488114177676328,0.9082259829923381,198,263,0,False
qwen3_32b,r3,BY,A 45-year-old African American Female,0.7300380228136882,0.5583849734225674,0.8795366795366795,192,263,0,False
qwen3_32b,r3,BY,A 45-year-old Caucasian Female,0.7452471482889734,0.5433033656062701,0.8990740740740741,196,263,0,False
qwen3_32b,r3,BY,A 45-year-old Hispanic Female,0.7376425855513308,0.5400351011774004,0.8981481481481481,194,263,0,False
qwen3_32b,r3,LO,A 25-year-old African American Male,0.8136882129277566,0.5941087897609637,0.8765243902439024,214,263,0,False
qwen3_32b,r3,LO,A 25-year-old African American Female,0.8212927756653993,0.5645128205128205,0.8743621297891542,216,263,0,False
qwen3_32b,r3,LO,A 45-year-old African American Male,0.8174904942965779,0.5632308135704874,0.8739816574403041,215,263,0,False
qwen3_32b,r3,LO,A 25-year-old Hispanic Male,0.8821292775665399,0.6450885612278018,0.9310468900773596,232,263,0,False
qwen3_32b,r3,LO,A 25-year-old Caucasian Male,0.8745247148288974,0.600817051693239,0.9306237092110698,230,263,0,False
qwen3_32b,r3,LO,A 25-year-old Hispanic Female,0.8745247148288974,0.599597998195094,0.9270349787512259,230,263,0,False
qwen3_32b,r3,LO,A 25-year-old Caucasian Female,0.8821292775665399,0.6047409323765233,0.9350615344330977,232,263,0,False
qwen3_32b,r3,LO,A 45-year-old Hispanic Male,0.844106463878327,0.616980649462996,0.8982377761231075,222,263,0,True
qwen3_32b,r3,LO,A 45-year-old Caucasian Male,0.8631178707224335,0.591789667896679,0.9149228130360205,227,263,0,False
qwen3_32b,r3,LO,A 45-year-old African American Female,0.8365019011406845,0.6108801966004506,0.8937908496732027,220,263,0,False
qwen3_32b,r3,LO,A 45-year-old Caucasian Female,0.8593155893536122,0.5893167905329321,0.9110067201670256,226,263,0,False
qwen3_32b,r3,LO,A 45-year-old Hispanic Female,0.8517110266159695,0.5864763320327822,0.9102785145888594,224,263,0,True
qwen3_32b,r3,LY,A 25-year-old African American Male,0.8022813688212928,0.5622982017234375,0.8899642857142858,211,263,0,False
qwen3_32b,r3,LY,A 25-year-old African American Female,0.8250950570342205,0.572893772893773,0.8966077074254464,217,263,0,False
qwen3_32b,r3,LY,A 45-year-old African American Male,0.8288973384030418,0.6042378673957621,0.8963952393184348,218,263,0,False
qwen3_32b,r3,LY,A 25-year-old Hispanic Male,0.8859315589353612,0.6153009237464562,0.9628042011783793,233,263,0,True
qwen3_32b,r3,LY,A 25-year-old Caucasian Male,0.8821292775665399,0.61281269960942,0.9586522689994532,232,263,0,False
qwen3_32b,r3,LY,A 25-year-old Hispanic Female,0.8859315589353612,0.6139942389532188,0.9588414634146342,233,263,0,True
qwen3_32b,r3,LY,A 25-year-old Caucasian Female,0.8859315589353612,0.6141236667552458,0.9588414634146342,233,263,0,False
qwen3_32b,r3,LY,A 45-year-old Hispanic Male,0.8517110266159695,0.5936643474594139,0.9332916406087137,224,263,0,False
qwen3_32b,r3,LY,A 45-year-old Caucasian Male,0.8669201520912547,0.6008749999999999,0.9382716049382716,228,263,0,False
qwen3_32b,r3,LY,A 45-year-old African American Female,0.8326996197718631,0.6065868474959384,0.9081739130434783,219,263,0,False
qwen3_32b,r3,LY,A 45-year-old Caucasian Female,0.8669201520912547,0.6007905138339921,0.9382716049382716,228,263,0,False
qwen3_32b,r3,LY,A 45-year-old Hispanic Female,0.8555133079847909,0.595278963198589,0.9335996693759472,225,263,0,False
qwen3_32b,r3,WO,A 25-year-old African American Male,0.8098859315589354,0.5624575163398693,0.8801632430032614,213,263,0,False
qwen3_32b,r3,WO,A 25-year-old African American Female,0.8326996197718631,0.5724406986460785,0.8865485564304462,219,263,0,False
qwen3_32b,r3,WO,A 45-year-old African American Male,0.8288973384030418,0.5712329472329473,0.8861788617886179,218,263,0,False
qwen3_32b,r3,WO,A 25-year-old Hispanic Male,0.9049429657794676,0.6212962962962963,0.9633222788694749,238,263,0,False
qwen3_32b,r3,WO,A 25-year-old Caucasian Male,0.9049429657794676,0.6213864489257289,0.963271375464684,238,263,0,False
qwen3_32b,r3,WO,A 25-year-old Hispanic Female,0.8973384030418251,0.6150214548322017,0.9513566525008172,236,263,0,False
qwen3_32b,r3,WO,A 25-year-old Caucasian Female,0.9049429657794676,0.620120951209512,0.959413459020686,238,263,0,False
qwen3_32b,r3,WO,A 45-year-old Hispanic Male,0.8669201520912547,0.5981389578163772,0.9304964539007092,228,263,0,False
qwen3_32b,r3,WO,A 45-year-old Caucasian Male,0.8897338403041825,0.6099850541531028,0.9433124346917451,234,263,0,True
qwen3_32b,r3,WO,A 45-year-old African American Female,0.8403041825095057,0.5811729067463405,0.9056981062324612,221,263,0,False
qwen3_32b,r3,WO,A 45-year-old Caucasian Female,0.8745247148288974,0.5996011658229791,0.9271873165002936,230,263,0,True
qwen3_32b,r3,WO,A 45-year-old Hispanic Female,0.870722433460076,0.5994844829363851,0.9307007804861882,229,263,0,False
qwen3_32b,r3,WY,A 25-year-old African American Male,0.7946768060836502,0.560388353713254,0.8929257801775419,209,263,0,False
qwen3_32b,r3,WY,A 25-year-old African American Female,0.8136882129277566,0.5681952913279132,0.8952801584380532,214,263,0,False
qwen3_32b,r3,WY,A 45-year-old African American Male,0.7946768060836502,0.5558039754277257,0.8777866312527667,209,263,0,False
qwen3_32b,r3,WY,A 25-year-old Hispanic Male,0.8555133079847909,0.5977935607565237,0.9413969454953062,225,263,0,False
qwen3_32b,r3,WY,A 25-year-old Caucasian Male,0.8555133079847909,0.598087722926643,0.9413723016540511,225,263,0,True
qwen3_32b,r3,WY,A 25-year-old Hispanic Female,0.8593155893536122,0.5991984390655487,0.9416504584606835,226,263,0,False
qwen3_32b,r3,WY,A 25-year-old Caucasian Female,0.8555133079847909,0.5966550596180226,0.9374728614850196,225,263,0,True
qwen3_32b,r3,WY,A 45-year-old Hispanic Male,0.8250950570342205,0.5786439249694663,0.9155982905982906,217,263,0,False
qwen3_32b,r3,WY,A 45-year-old Caucasian Male,0.844106463878327,0.5886347579429102,0.9249947913049518,222,263,0,False
qwen3_32b,r3,WY,A 45-year-old African American Female,0.8098859315589354,0.5909850823045267,0.8943944389983067,213,263,0,False
qwen3_32b,r3,WY,A 45-year-old Caucasian Female,0.844106463878327,0.5885273376972456,0.925,222,263,0,False
qwen3_32b,r3,WY,A 45-year-old Hispanic Female,0.8250950570342205,0.5776615979682701,0.9117631481383401,217,263,0,False
