model,group,persona_text,accuracy_mean,accuracy_std,macro_f1_3class_mean,macro_f1_3class_std,macro_f1_binary_mean,macro_f1_binary_std,correct_mean,total_mean,missing_mean,matches_group,valid_runs,total_runs
gpt_oss_120b,BO,A 25-year-old African American Male,0.9441509689528731,0.00657559186277057,0.6899905189506262,0.03972790598708275,0.9879216660793603,0.0033224930117158285,248.0,262.6666666666667,0.3333333333333333,False,3,3
gpt_oss_120b,BO,A 25-year-old Hispanic Male,0.9353612167300379,0.005377237879745602,0.6649197268380914,0.0349196701099639,0.9838376034533693,0.003390906925510238,246.0,263.0,0.0,False,3,3
gpt_oss_120b,BO,A 25-year-old Caucasian Male,0.9353612167300381,1.1102230246251565e-16,0.6398518289095497,0.0004393002420216194,0.9865705852041365,0.0018532796737666948,246.0,263.0,0.0,False,3,3
gpt_oss_120b,BO,A 25-year-old African American Female,0.9353612167300381,0.003104549737367806,0.7077972891291703,0.017968539596746217,0.9811693984462865,0.003764813953961409,246.0,263.0,0.0,False,3,3
gpt_oss_120b,BO,A 25-year-old Hispanic Female,0.9416983523447402,0.007812945504396693,0.6606063508133769,0.028810786869938244,0.9866228326460993,0.001966712347451729,247.66666666666666,263.0,0.0,False,3,3
gpt_oss_120b,BO,A 25-year-old Caucasian Female,0.9416983523447402,0.0017924126265818326,0.6737510976185441,0.021740459442593497,0.9866090727438214,0.001917842969145674,247.66666666666666,263.0,0.0,False,3,3
gpt_oss_120b,BO,A 45-year-old African American Male,0.946768060836502,0.003104549737367806,0.7081362694798706,0.02324061747725957,0.9892915402660348,0.0018858295883302351,249.0,263.0,0.0,True,3,3
gpt_oss_120b,BO,A 45-year-old Hispanic Male,0.9416983523447402,0.0017924126265818324,0.6745239883315198,0.022447834323382487,0.9892604670951903,0.001881161095504445,247.66666666666666,263.0,0.0,False,3,3
gpt_oss_120b,BO,A 45-year-old Caucasian Male,0.9391634980988592,0.003104549737367761,0.6578019686370911,0.022963051945234802,0.9852706646629116,0.0037608633798502035,247.0,263.0,0.0,False,3,3
gpt_oss_120b,BO,A 45-year-old African American Female,0.9378960709759189,0.004742278056747709,0.6404167440063343,0.0027884832719366356,0.9852788064875018,0.003798480602986051,246.66666666666666,263.0,0.0,True,3,3
gpt_oss_120b,BO,A 45-year-old Hispanic Female,0.9391634980988594,0.005377237879745603,0.6723808740959036,0.02351283753940674,0.987891819789437,7.065602457844304e-05,247.0,263.0,0.0,False,3,3
gpt_oss_120b,BO,A 45-year-old Caucasian Female,0.9416983523447402,0.0035848252531637177,0.6734902825330371,0.022746291832007434,0.9892590377317635,0.0019087512324214072,247.66666666666666,263.0,0.0,False,3,3
gpt_oss_120b,BY,A 25-year-old African American Male,0.7715777048926556,0.0027623738541410867,0.5767017190521638,0.0010939732393107778,0.9320931283477388,0.0018925460258392662,202.66666666666666,262.6666666666667,0.3333333333333333,True,3,3
gpt_oss_120b,BY,A 25-year-old Hispanic Male,0.7731305449936628,0.0035848252531637177,0.5855065723102135,0.012840635822100974,0.9320886823383204,0.0019199183320980004,203.33333333333334,263.0,0.0,False,3,3
gpt_oss_120b,BY,A 25-year-old Caucasian Male,0.7782002534854247,0.0017924126265818849,0.5855171793456502,0.006310574085835005,0.9383968116435973,0.004222477727947692,204.66666666666666,263.0,0.0,False,3,3
gpt_oss_120b,BY,A 25-year-old African American Female,0.7731305449936628,0.0047422780567476985,0.5941253888555718,0.007727084829293716,0.9319062702135729,0.003908711153552138,203.33333333333334,263.0,0.0,True,3,3
gpt_oss_120b,BY,A 25-year-old Hispanic Female,0.7731305449936628,0.0035848252531637177,0.573172204770081,0.008628954314017199,0.9338379327504218,0.004154692927995384,203.33333333333334,263.0,0.0,False,3,3
gpt_oss_120b,BY,A 25-year-old Caucasian Female,0.7782002534854247,0.006462635631929987,0.5851562348531991,0.010279220279145197,0.9369213360833148,0.005695506498895579,204.66666666666666,263.0,0.0,False,3,3
gpt_oss_120b,BY,A 45-year-old African American Male,0.779467680608365,0.003104549737367806,0.5940682782107509,0.0022949446253457636,0.9353706011752894,0.00378942798931565,205.0,263.0,0.0,False,3,3
gpt_oss_120b,BY,A 45-year-old Hispanic Male,0.7743979721166033,0.0035848252531637177,0.5829473684210527,0.007865713744416088,0.9351716075043894,0.00014366420302353386,203.66666666666666,263.0,0.0,False,3,3
gpt_oss_120b,BY,A 45-year-old Caucasian Male,0.7731305449936628,0.0017924126265818326,0.5774447240203799,0.0007671738774933492,0.9322832064906746,0.001958687280373155,203.33333333333334,263.0,0.0,False,3,3
gpt_oss_120b,BY,A 45-year-old African American Female,0.7731305449936628,0.0035848252531637177,0.5733086826638,0.00783183249065537,0.9338467705456663,0.0019315674794920655,203.33333333333334,263.0,0.0,False,3,3
gpt_oss_120b,BY,A 45-year-old Hispanic Female,0.7743979721166033,0.0035848252531637172,0.5865972715833462,0.013619386560997595,0.9336244771663803,0.0020102889969870717,203.66666666666666,263.0,0.0,False,3,3
gpt_oss_120b,BY,A 45-year-old Caucasian Female,0.7731305449936628,0.0017924126265818324,0.5783297130968891,0.002041750259786196,0.9366504804459698,0.005579181491269205,203.33333333333334,263.0,0.0,False,3,3
gpt_oss_120b,LO,A 25-year-old African American Male,0.8832515794463957,0.0034867394641477905,0.6084769039797722,0.0014616906167120647,0.946392969981582,0.00022125590225960924,232.0,262.6666666666667,0.3333333333333333,False,3,3
gpt_oss_120b,LO,A 25-year-old Hispanic Male,0.8795944233206591,0.004742278056747709,0.6065443258495556,0.00131506882863575,0.9449376169113458,0.0034731506666302496,231.33333333333334,263.0,0.0,False,3,3
gpt_oss_120b,LO,A 25-year-old Caucasian Male,0.8821292775665399,0.003104549737367806,0.6075902170090263,0.0018730615343340138,0.9451189429764706,0.0020321552307486102,232.0,263.0,0.0,False,3,3
gpt_oss_120b,LO,A 25-year-old African American Female,0.8757921419518379,0.009484556113495397,0.6161777614160796,0.020112735487472968,0.9433981477026622,0.0053826550786070255,230.33333333333334,263.0,0.0,False,3,3
gpt_oss_120b,LO,A 25-year-old Hispanic Female,0.888466413181242,0.0017924126265818326,0.6110144200764519,0.0003050400436964802,0.9481064569759162,0.0016963822102043571,233.66666666666666,263.0,0.0,False,3,3
gpt_oss_120b,LO,A 25-year-old Caucasian Female,0.8808618504435994,0.0035848252531637697,0.6063849986286262,0.0012858078469964464,0.9424460440300358,0.00020656424088172097,231.66666666666666,263.0,0.0,False,3,3
gpt_oss_120b,LO,A 45-year-old African American Male,0.8846641318124208,0.0035848252531637177,0.6213583414712845,0.018724673587266132,0.9464841094944952,8.406505946973067e-05,232.66666666666666,263.0,0.0,False,3,3
gpt_oss_120b,LO,A 45-year-old Hispanic Male,0.8821292775665399,0.0,0.6080471206824998,0.00022592722434647153,0.9463945759641882,4.2554473377695766e-05,232.0,263.0,0.0,True,3,3
gpt_oss_120b,LO,A 45-year-old Caucasian Male,0.8833967046894803,0.0047422780567476985,0.6077949548385774,0.002724782113608007,0.943863081533047,0.0038775127578139206,232.33333333333334,263.0,0.0,False,3,3
gpt_oss_120b,LO,A 45-year-old African American Female,0.8871989860583017,0.0047422780567476985,0.6099994909819992,0.0027482844333359645,0.9467125338254417,0.0034503719666367895,233.33333333333334,263.0,0.0,False,3,3
gpt_oss_120b,LO,A 45-year-old Hispanic Female,0.8821292775665399,0.003104549737367806,0.6083675004284624,0.0010233342417735616,0.9476742813382611,0.001650871302139558,232.0,263.0,0.0,True,3,3
gpt_oss_120b,LO,A 45-year-old Caucasian Female,0.8808618504435995,0.0047422780567476985,0.607127312058983,0.0023896282980118344,0.945030025719782,0.002099680049172247,231.66666666666666,263.0,0.0,False,3,3
gpt_oss_120b,LY,A 25-year-old African American Male,0.8933958339380218,0.0032778677903410355,0.6310469895230938,0.015003975646738762,0.975001191953275,0.003420379532563526,234.66666666666666,262.6666666666667,0.3333333333333333,False,3,3
gpt_oss_120b,LY,A 25-year-old Hispanic Male,0.8884664131812422,0.0064626356319300235,0.6198902323449283,0.0024273018915556034,0.9749428740494777,0.003308782276341193,233.66666666666666,263.0,0.0,True,3,3
gpt_oss_120b,LY,A 25-year-old Caucasian Male,0.8910012674271229,0.0017924126265818849,0.6208437540917221,0.0006800422615447605,0.9750072422349415,6.098598020201147e-05,234.33333333333334,263.0,0.0,False,3,3
gpt_oss_120b,LY,A 25-year-old African American Female,0.8859315589353612,0.003104549737367761,0.6356151899670444,0.01264124939460428,0.9720839712508743,0.001982186715294276,233.0,263.0,0.0,False,3,3
gpt_oss_120b,LY,A 25-year-old Hispanic Female,0.8948035487959443,0.0035848252531637697,0.622314431656675,0.0014582512802464112,0.9751091234394299,0.00010801453135864601,235.33333333333334,263.0,0.0,True,3,3
gpt_oss_120b,LY,A 25-year-old Caucasian Female,0.8910012674271229,0.004742278056747709,0.6205265963251394,0.002235142334472627,0.9736520374522138,0.00202373642393875,234.33333333333334,263.0,0.0,False,3,3
gpt_oss_120b,LY,A 45-year-old African American Male,0.8935361216730038,0.003104549737367806,0.6319061251222067,0.014338693929212814,0.9763966952057167,0.0019465240012341508,235.0,263.0,0.0,False,3,3
gpt_oss_120b,LY,A 45-year-old Hispanic Male,0.8910012674271229,0.0017924126265818849,0.621322662499692,0.0011995025974326874,0.9763605703941017,0.0019634645110867925,234.33333333333334,263.0,0.0,False,3,3
gpt_oss_120b,LY,A 45-year-old Caucasian Male,0.8910012674271229,0.004742278056747709,0.6201106001831892,0.002714672277239504,0.9722982098694244,0.003918138555263148,234.33333333333334,263.0,0.0,False,3,3
gpt_oss_120b,LY,A 45-year-old African American Female,0.8960709759188846,0.0035848252531637697,0.632384705762439,0.012201596654215607,0.9737654966361046,0.005151750320740478,235.66666666666666,263.0,0.0,False,3,3
gpt_oss_120b,LY,A 45-year-old Hispanic Female,0.8910012674271228,0.0017924126265818849,0.6217154526045806,0.0010254078037446952,0.9777342629238251,0.0038394342142210208,234.33333333333334,263.0,0.0,False,3,3
gpt_oss_120b,LY,A 45-year-old Caucasian Female,0.8910012674271229,0.0035848252531637172,0.6213143373504715,0.0017264278509275832,0.9763639126198264,0.0019709142358264316,234.33333333333334,263.0,0.0,False,3,3
gpt_oss_120b,WO,A 25-year-old African American Male,0.9098965740767616,0.0018798932430155464,0.6263416102667855,0.0014608403062546739,0.9752388749617484,0.003365488942107702,239.0,262.6666666666667,0.3333333333333333,False,3,3
gpt_oss_120b,WO,A 25-year-old Hispanic Male,0.9036755386565272,0.010902820363805615,0.6227485996572972,0.005164421945465998,0.9710341983382026,0.0036497265470011885,237.66666666666666,263.0,0.0,False,3,3
gpt_oss_120b,WO,A 25-year-old Caucasian Male,0.908745247148289,0.0,0.6255768019404212,0.0003272059192555116,0.9739324919367153,0.001836202617728143,239.0,263.0,0.0,False,3,3
gpt_oss_120b,WO,A 25-year-old African American Female,0.8986058301647656,0.0017924126265818849,0.6310719657346046,0.016210710979641777,0.9682663951484006,0.0038322073606783945,236.33333333333334,263.0,0.0,False,3,3
gpt_oss_120b,WO,A 25-year-old Hispanic Female,0.9125475285171102,0.005377237879745603,0.6270156313616934,0.002727030920593856,0.9740187473855677,0.00206171014561265,240.0,263.0,0.0,False,3,3
gpt_oss_120b,WO,A 25-year-old Caucasian Female,0.9100126742712294,0.0047422780567476985,0.626086937720435,0.002252871824936044,0.9739508890154706,0.002014786843208091,239.33333333333334,263.0,0.0,False,3,3
gpt_oss_120b,WO,A 45-year-old African American Male,0.9100126742712294,0.0017924126265818849,0.6268177154751168,0.0013556967392940372,0.9766185827019811,0.001962668870327212,239.33333333333334,263.0,0.0,False,3,3
gpt_oss_120b,WO,A 45-year-old Hispanic Male,0.9100126742712294,0.0017924126265818849,0.626822218063094,0.0011469696369611462,0.9766214777133243,0.001935991136305979,239.33333333333334,263.0,0.0,False,3,3
gpt_oss_120b,WO,A 45-year-old Caucasian Male,0.9100126742712294,0.0047422780567476985,0.6255509576796098,0.002728014961109606,0.9725928315108024,0.003876643218904326,239.33333333333334,263.0,0.0,True,3,3
gpt_oss_120b,WO,A 45-year-old African American Female,0.9112801013941697,0.004742278056747709,0.6261677233220762,0.0028334004407340055,0.9726658078373763,0.003888687208066784,239.66666666666666,263.0,0.0,False,3,3
gpt_oss_120b,WO,A 45-year-old Hispanic Female,0.9074778200253485,0.0047422780567476985,0.6253858467934789,0.0019161222378132337,0.9751948319069204,0.00015357905177222384,238.66666666666666,263.0,0.0,False,3,3
gpt_oss_120b,WO,A 45-year-old Caucasian Female,0.9100126742712294,0.0035848252531637697,0.6268731263328676,0.001698010041800933,0.976632644539951,0.0019538018256163147,239.33333333333334,263.0,0.0,True,3,3
gpt_oss_120b,WY,A 25-year-old African American Male,0.856596909799824,0.0019355352938745605,0.6007523718481352,0.0013549462232614583,0.9492838128448486,0.0033988910223584946,225.0,262.6666666666667,0.3333333333333333,False,3,3
gpt_oss_120b,WY,A 25-year-old Hispanic Male,0.8504435994930292,0.01090282036380561,0.5971077501850881,0.005224254583731389,0.9449386186607693,0.003954672343239689,223.66666666666666,263.0,0.0,False,3,3
gpt_oss_120b,WY,A 25-year-old Caucasian Male,0.8555133079847909,0.0,0.5998767007015108,0.0005071606384237776,0.9479685929229461,0.0018488320082634406,225.0,263.0,0.0,True,3,3
gpt_oss_120b,WY,A 25-year-old African American Female,0.8529784537389099,0.0017924126265818849,0.6221503414287078,0.0016589658282825347,0.9449637813291428,0.00666325664139402,224.33333333333334,263.0,0.0,False,3,3
gpt_oss_120b,WY,A 25-year-old Hispanic Female,0.8593155893536122,0.005377237879745655,0.6014254599611645,0.0027319118960531207,0.9481723438386811,0.0022079670648839514,226.0,263.0,0.0,False,3,3
gpt_oss_120b,WY,A 25-year-old Caucasian Female,0.8567807351077312,0.004742278056747748,0.6004524286640976,0.002282447203151466,0.9480307413092781,0.0021140189030002697,225.33333333333334,263.0,0.0,True,3,3
gpt_oss_120b,WY,A 45-year-old African American Male,0.8567807351077312,0.0017924126265818849,0.6012157175412005,0.0012855375586673027,0.9506950996098876,0.0020071441235621924,225.33333333333334,263.0,0.0,False,3,3
gpt_oss_120b,WY,A 45-year-old Hispanic Male,0.8567807351077313,0.0017924126265818849,0.6012203665377848,0.0011949417510546247,0.9506972172933842,0.0019844961282267236,225.33333333333334,263.0,0.0,False,3,3
gpt_oss_120b,WY,A 45-year-old Caucasian Male,0.8567807351077313,0.004742278056747749,0.6000470404879817,0.002739639021781127,0.9466832377667059,0.003971908958325687,225.33333333333334,263.0,0.0,False,3,3
gpt_oss_120b,WY,A 45-year-old African American Female,0.8643852978453738,0.0035848252531637177,0.6128962904493805,0.012977946151904379,0.9510444756477088,0.0020377573590645496,227.33333333333334,263.0,0.0,False,3,3
gpt_oss_120b,WY,A 45-year-old Hispanic Female,0.8542458808618504,0.0047422780567476985,0.5998089757437554,0.001907680124037497,0.9492015401447333,0.00028802513054184726,224.66666666666666,263.0,0.0,False,3,3
gpt_oss_120b,WY,A 45-year-old Caucasian Female,0.8567807351077313,0.0035848252531637697,0.6012088745165162,0.0017669798587725278,0.9507060872967878,0.0020058661264166847,225.33333333333334,263.0,0.0,False,3,3
mistral_medium,BO,A 25-year-old African American Male,0.9239543726235743,0.006209099474735567,0.6310306620834146,0.0027078051852177953,0.9706187326414405,0.0019886863709403456,243.0,263.0,0.0,False,3,3
mistral_medium,BO,A 25-year-old Hispanic Male,0.9340937896070974,0.0017924126265818849,0.636673686992372,4.6726497787382453e-05,0.977371983782819,0.001807192455714438,245.66666666666666,263.0,0.0,False,3,3
mistral_medium,BO,A 25-year-old Caucasian Male,0.9340937896070977,0.0017924126265818849,0.6371205671631,0.0006565954145960308,0.9786797867116936,0.0018287198488894287,245.66666666666666,263.0,0.0,False,3,3
mistral_medium,BO,A 25-year-old African American Female,0.9277566539923955,0.003104549737367761,0.6331932269878539,0.001599903137183577,0.9733195143883032,0.001902860098151344,244.0,263.0,0.0,False,3,3
mistral_medium,BO,A 25-year-old Hispanic Female,0.9328263624841572,0.0017924126265818849,0.635814156737582,0.0006333016481269972,0.9760379953171571,3.9676062236978826e-05,245.33333333333334,263.0,0.0,False,3,3
mistral_medium,BO,A 25-year-old Caucasian Female,0.9328263624841572,0.0017924126265818849,0.6370326835256686,0.0006011507618075732,0.9799512953248423,3.331245288607626e-05,245.33333333333334,263.0,0.0,False,3,3
mistral_medium,BO,A 45-year-old African American Male,0.9239543726235743,0.003104549737367806,0.6315014113648262,0.001905534760922327,0.9719205355202267,0.003241681049254873,243.0,263.0,0.0,True,3,3
mistral_medium,BO,A 45-year-old Hispanic Male,0.9340937896070977,0.0017924126265818849,0.6362817713085094,0.0006009789732127259,0.9760660505298157,3.9676062236978826e-05,245.66666666666666,263.0,0.0,False,3,3
mistral_medium,BO,A 45-year-old Caucasian Male,0.9315589353612168,0.003104549737367761,0.6370541187981685,0.001626735316480194,0.9812444682407238,0.0019130879936374587,245.0,263.0,0.0,False,3,3
mistral_medium,BO,A 45-year-old African American Female,0.9340937896070974,0.0017924126265818849,0.6362392345177715,0.0015680900410302576,0.9760719884227743,0.0032149741262345742,245.66666666666666,263.0,0.0,True,3,3
mistral_medium,BO,A 45-year-old Hispanic Female,0.9366286438529784,0.0017924126265818849,0.6379707227234791,0.0010697325689705724,0.9787268976343609,0.0018620257306017386,246.33333333333334,263.0,0.0,False,3,3
mistral_medium,BO,A 45-year-old Caucasian Female,0.9340937896070974,0.0017924126265818849,0.6366738084652525,0.0010008792712876155,0.9773674840314941,0.0018606602311540706,245.66666666666666,263.0,0.0,False,3,3
mistral_medium,BY,A 25-year-old African American Male,0.7579214195183778,0.0047422780567476985,0.5544848068851574,0.0020235143959473107,0.9213649392679452,0.00042974719048633457,199.33333333333334,263.0,0.0,True,3,3
mistral_medium,BY,A 25-year-old Hispanic Male,0.7667934093789608,0.0017924126265818849,0.5597989107666527,0.00020275463259831813,0.9278318697243008,0.0018743108442693663,201.66666666666666,263.0,0.0,False,3,3
mistral_medium,BY,A 25-year-old Caucasian Male,0.7667934093789608,0.0017924126265818849,0.5602111800776984,0.0007065796722397307,0.929270588888146,0.0019594102970172966,201.66666666666666,263.0,0.0,False,3,3
mistral_medium,BY,A 25-year-old African American Female,0.7604562737642585,0.003104549737367761,0.5559616611385695,0.0017898291098012169,0.9230145418071798,0.0022501357637499143,200.0,263.0,0.0,True,3,3
mistral_medium,BY,A 25-year-old Hispanic Female,0.7667934093789608,0.0017924126265818849,0.559775126135071,0.0010697486702814292,0.9278261690697649,0.002093713596295273,201.66666666666666,263.0,0.0,False,3,3
mistral_medium,BY,A 25-year-old Caucasian Female,0.7655259822560203,0.0017924126265818849,0.5600303742550148,0.0007328480696324228,0.9305821967610969,0.00014092810785979712,201.33333333333334,263.0,0.0,False,3,3
mistral_medium,BY,A 45-year-old African American Male,0.7579214195183778,0.0017924126265818326,0.5549093481006132,0.0007540338290186142,0.9227845750119066,0.0019555186794645687,199.33333333333334,263.0,0.0,False,3,3
mistral_medium,BY,A 45-year-old Hispanic Male,0.7667934093789608,0.0017924126265818849,0.5594246538824853,0.0007320337939994631,0.9264011799410031,0.00014899005081892908,201.66666666666666,263.0,0.0,False,3,3
mistral_medium,BY,A 45-year-old Caucasian Male,0.7642585551330798,0.003104549737367806,0.5599227004004241,0.0018058839305773939,0.9319319538758931,0.0022683969501693167,201.0,263.0,0.0,False,3,3
mistral_medium,BY,A 45-year-old African American Female,0.7667934093789608,0.0017924126265818849,0.5593972706270173,0.001631806123483982,0.9264086310171556,0.0036110633727544257,201.66666666666666,263.0,0.0,False,3,3
mistral_medium,BY,A 45-year-old Hispanic Female,0.7693282636248416,0.0017924126265818849,0.5612475837569315,0.001146738948531988,0.9294698913296008,0.002100007801506611,202.33333333333334,263.0,0.0,False,3,3
mistral_medium,BY,A 45-year-old Caucasian Female,0.7642585551330798,0.003104549737367806,0.5579485966955847,0.0027437047260125253,0.9247639412287759,0.005587501695651218,201.0,263.0,0.0,False,3,3
mistral_medium,LO,A 25-year-old African American Male,0.870722433460076,0.006209099474735522,0.5990400966104529,0.0027639674245050253,0.9292037727335435,0.0021503790165732072,229.0,263.0,0.0,False,3,3
mistral_medium,LO,A 25-year-old Hispanic Male,0.8808618504435994,0.0017924126265818849,0.6047340385246521,9.488943422550864e-05,0.9361736865299889,0.0016992429999014957,231.66666666666666,263.0,0.0,False,3,3
mistral_medium,LO,A 25-year-old Caucasian Male,0.879594423320659,0.0017924126265818849,0.6042426219889926,0.000652716871339658,0.9360999809836467,0.0017536855571005767,231.33333333333334,263.0,0.0,False,3,3
mistral_medium,LO,A 25-year-old African American Female,0.8745247148288974,0.003104549737367761,0.6012160005452468,0.0016109145803305607,0.9319834927036051,0.0019593965953955132,230.0,263.0,0.0,False,3,3
mistral_medium,LO,A 25-year-old Hispanic Female,0.879594423320659,0.0017924126265818849,0.6038737155331296,0.0006592873469430354,0.9348247291891901,0.0001042353832594555,231.33333333333334,263.0,0.0,False,3,3
mistral_medium,LO,A 25-year-old Caucasian Female,0.879594423320659,0.0017924126265818849,0.6050360911230476,0.000616945749651832,0.9386463946089693,9.845130128046223e-05,231.33333333333334,263.0,0.0,False,3,3
mistral_medium,LO,A 45-year-old African American Male,0.8732572877059569,0.004742278056747709,0.6126532855631578,0.019636047369721337,0.9305296155708808,0.0033438833788088517,229.66666666666666,263.0,0.0,False,3,3
mistral_medium,LO,A 45-year-old Hispanic Male,0.8808618504435994,0.0017924126265818849,0.6043651320687893,0.0006166019473539515,0.9348984347355325,0.0001042353832594555,231.66666666666666,263.0,0.0,True,3,3
mistral_medium,LO,A 45-year-old Caucasian Male,0.8757921419518379,0.0017924126265818326,0.6032966634178002,0.0010579278080234161,0.9371560469473369,0.001861325794962506,230.33333333333334,263.0,0.0,False,3,3
mistral_medium,LO,A 45-year-old African American Female,0.8808618504435994,0.0017924126265818849,0.6043099620563327,0.0015453251453636746,0.934904773041497,0.003196560507697794,231.66666666666666,263.0,0.0,False,3,3
mistral_medium,LO,A 45-year-old Hispanic Female,0.8808618504435994,0.0017924126265818849,0.6043099620563327,0.0015453251453636746,0.934904773041497,0.003196560507697794,231.66666666666666,263.0,0.0,True,3,3
mistral_medium,LO,A 45-year-old Caucasian Female,0.8808618504435994,0.0017924126265818849,0.6047342816295885,0.0009872394333075912,0.9361695965663986,0.0018520132748153764,231.66666666666666,263.0,0.0,False,3,3
mistral_medium,LY,A 25-year-old African American Male,0.8922686945500633,0.0017924126265818849,0.647402989705892,0.02408044598172737,0.964234032552371,0.0019142290977084472,234.66666666666666,263.0,0.0,False,3,3
mistral_medium,LY,A 25-year-old Hispanic Male,0.8935361216730038,0.0,0.6295804030505568,0.014183489104887216,0.9670205349383393,6.181543676782078e-05,235.0,263.0,0.0,True,3,3
mistral_medium,LY,A 25-year-old Caucasian Male,0.8935361216730038,0.0,0.6299881703532239,0.013904125940429684,0.9683557646706696,0.001919954195662685,235.0,263.0,0.0,False,3,3
mistral_medium,LY,A 25-year-old African American Female,0.8910012674271229,0.0035848252531637177,0.6382881380774582,0.01612149096740811,0.9642323388413784,0.0019154908003217572,234.33333333333334,263.0,0.0,False,3,3
mistral_medium,LY,A 25-year-old Hispanic Female,0.8922686945500633,0.0017924126265818849,0.6291724501614774,0.014596406782897036,0.9656500947991772,0.001907938496761318,234.66666666666666,263.0,0.0,True,3,3
mistral_medium,LY,A 25-year-old Caucasian Female,0.8948035487959443,0.0017924126265818849,0.6505816211299535,0.0013332292244632132,0.9669768248238189,6.181543676782077e-05,235.33333333333334,263.0,0.0,False,3,3
mistral_medium,LY,A 45-year-old African American Male,0.8897338403041825,0.003104549737367761,0.6377941139981665,0.014991843562358675,0.9655175313371069,0.001813450789872192,234.0,263.0,0.0,False,3,3
mistral_medium,LY,A 45-year-old Hispanic Male,0.8922686945500633,0.0017924126265818849,0.619089701755258,0.000652602945729649,0.9670205349383393,6.181543676782077e-05,234.66666666666666,263.0,0.0,False,3,3
mistral_medium,LY,A 45-year-old Caucasian Male,0.8935361216730038,0.003104549737367806,0.6496066473563674,0.002176137438508373,0.9682676278823742,0.0019822767421864766,235.0,263.0,0.0,False,3,3
mistral_medium,LY,A 45-year-old African American Female,0.8935361216730038,0.003104549737367806,0.6296341851059709,0.01618197068721248,0.9656938049136977,0.001938095031223617,235.0,263.0,0.0,False,3,3
mistral_medium,LY,A 45-year-old Hispanic Female,0.8960709759188847,0.0017924126265818849,0.6313926407232114,0.014939889529174773,0.9684380327184848,0.001942829148547718,235.66666666666666,263.0,0.0,False,3,3
mistral_medium,LY,A 45-year-old Caucasian Female,0.8960709759188847,0.004742278056747748,0.6318206017407849,0.01485038490949737,0.9697651811839343,0.003912789897064055,235.66666666666666,263.0,0.0,False,3,3
mistral_medium,WO,A 25-year-old African American Male,0.9062103929024081,0.0017924126265818849,0.6582881318562275,0.028582347120990347,0.9593161952152606,0.0033558453454676446,238.33333333333334,263.0,0.0,False,3,3
mistral_medium,WO,A 25-year-old Hispanic Male,0.9125475285171104,1.1102230246251565e-16,0.6383813157527632,0.018435850194096097,0.9674492173677661,5.211769162975392e-05,240.0,263.0,0.0,False,3,3
mistral_medium,WO,A 25-year-old Caucasian Male,0.9125475285171104,1.1102230246251565e-16,0.6388498154916077,0.01811366124600127,0.9687781551758361,0.0019059952089171444,240.0,263.0,0.0,False,3,3
mistral_medium,WO,A 25-year-old African American Female,0.9074778200253485,0.0035848252531637697,0.6488081817777992,0.019481668301258047,0.9620143495817656,0.001938972472507337,238.66666666666666,263.0,0.0,False,3,3
mistral_medium,WO,A 25-year-old Hispanic Female,0.9112801013941697,0.0017924126265818849,0.6383440576329087,0.019291367434496436,0.9661030562935965,0.0018782427935608724,239.66666666666666,263.0,0.0,False,3,3
mistral_medium,WO,A 25-year-old Caucasian Female,0.9138149556400507,0.0017924126265818326,0.6656954949024941,0.0017563822104456426,0.9674123645945949,5.211769162975392e-05,240.33333333333334,263.0,0.0,False,3,3
mistral_medium,WO,A 45-year-old African American Male,0.9062103929024081,0.0064626356319300235,0.6480036740261503,0.0217193758328005,0.9632633305342351,0.003343715713202279,238.33333333333334,263.0,0.0,False,3,3
mistral_medium,WO,A 45-year-old Hispanic Male,0.9112801013941699,0.0017924126265818849,0.624920375821235,0.000600793619360583,0.9674492173677661,5.211769162975392e-05,239.66666666666666,263.0,0.0,False,3,3
mistral_medium,WO,A 45-year-old Caucasian Male,0.9125475285171104,0.003104549737367761,0.6641954323607816,0.0025179689770240036,0.9687038954524535,0.0019585061919752417,240.0,263.0,0.0,True,3,3
mistral_medium,WO,A 45-year-old African American Female,0.9125475285171102,0.003104549737367761,0.6387690139402179,0.02082258051676908,0.9661399090667677,0.0019037592482294208,240.0,263.0,0.0,False,3,3
mistral_medium,WO,A 45-year-old Hispanic Female,0.915082382762991,0.0017924126265818326,0.6405167215702785,0.019591047211738006,0.9688474952209581,0.001925345812320389,240.66666666666666,263.0,0.0,False,3,3
mistral_medium,WO,A 45-year-old Caucasian Female,0.9125475285171102,0.003104549737367761,0.6391984402817813,0.020499233323258325,0.9674492173677661,5.211769162975392e-05,240.0,263.0,0.0,True,3,3
mistral_medium,WY,A 25-year-old African American Male,0.8504435994930292,0.0047422780567476985,0.6109432831523103,0.010148332574839523,0.9330289575670552,0.0036345248258284517,223.66666666666666,263.0,0.0,False,3,3
mistral_medium,WY,A 25-year-old Hispanic Male,0.8593155893536122,0.0,0.6083871787525473,0.012428859273650943,0.9415524388535185,0.00010995040802135989,226.0,263.0,0.0,False,3,3
mistral_medium,WY,A 25-year-old Caucasian Male,0.8593155893536122,0.0,0.6087862826561897,0.012156481271191412,0.94287286178881,0.0019246920649239373,226.0,263.0,0.0,True,3,3
mistral_medium,WY,A 25-year-old African American Female,0.8542458808618504,0.0035848252531637697,0.6139473920134004,0.01323621326743895,0.9359125380042398,0.002031079416755095,224.66666666666666,263.0,0.0,False,3,3
mistral_medium,WY,A 25-year-old Hispanic Female,0.8580481622306717,0.0017924126265818849,0.6078608515369243,0.012703462644007154,0.9401666641709835,0.001907184646179025,225.66666666666666,263.0,0.0,False,3,3
mistral_medium,WY,A 25-year-old Caucasian Female,0.8605830164765527,0.0017924126265818849,0.6268090693132371,0.0011947689281784318,0.9414746921744124,0.00010995040802135989,226.33333333333334,263.0,0.0,True,3,3
mistral_medium,WY,A 45-year-old African American Male,0.8504435994930292,0.0047422780567476985,0.6034149104473902,0.014308942451341858,0.9370449578917235,0.0034338818781269537,223.66666666666666,263.0,0.0,False,3,3
mistral_medium,WY,A 45-year-old Hispanic Male,0.8580481622306717,0.0017924126265818849,0.5991245722836586,0.0006704444175763679,0.9415524388535185,0.00010995040802135989,225.66666666666666,263.0,0.0,False,3,3
mistral_medium,WY,A 45-year-old Caucasian Male,0.8593155893536122,0.003104549737367806,0.6260203056845399,0.002077598628402165,0.9427160833615216,0.0020354970286035907,226.0,263.0,0.0,False,3,3
mistral_medium,WY,A 45-year-old African American Female,0.8593155893536122,0.003104549737367806,0.6083353103776199,0.014299923063166322,0.9402444108500895,0.001959781350434238,226.0,263.0,0.0,False,3,3
mistral_medium,WY,A 45-year-old Hispanic Female,0.8618504435994931,0.0017924126265818849,0.6101055707079511,0.013049857490412145,0.9430233947840887,0.0019702954186442455,226.66666666666666,263.0,0.0,False,3,3
mistral_medium,WY,A 45-year-old Caucasian Female,0.8593155893536122,0.003104549737367806,0.6087579321695363,0.013970920748962556,0.9415524388535185,0.00010995040802135989,226.0,263.0,0.0,False,3,3
qwen3_32b,BO,A 25-year-old African American Male,0.8871989860583017,0.017098526696111574,0.6486049138939922,0.024967746828596028,0.9304804204304752,0.01651846431450405,233.33333333333334,263.0,0.0,False,3,3
qwen3_32b,BO,A 25-year-old Hispanic Male,0.9328263624841572,0.004742278056747709,0.6531001420411816,0.028673929383552108,0.9721378041268495,0.0032475691143173035,245.33333333333334,263.0,0.0,False,3,3
qwen3_32b,BO,A 25-year-old African American Female,0.8555133079847909,0.011193613265307798,0.5851299035675909,0.006318460272203764,0.9011437654533371,0.008327426579676814,225.0,263.0,0.0,False,3,3
qwen3_32b,BO,A 25-year-old Hispanic Female,0.9340937896070977,0.0017924126265818849,0.6521211483534747,0.023683822880223766,0.9760748347558361,0.0031811044621216046,245.66666666666666,263.0,0.0,False,3,3
qwen3_32b,BO,A 25-year-old Caucasian Female,0.9315589353612167,0.0,0.6522518851957692,0.025579033683566822,0.9708260069711084,0.00186972382364456,245.0,263.0,0.0,False,3,3
qwen3_32b,BO,A 45-year-old African American Male,0.861850443599493,0.0064626356319300235,0.6349247915373618,0.03856940634208026,0.9014066323461402,0.008093180351549361,226.66666666666666,263.0,0.0,True,3,3
qwen3_32b,BO,A 45-year-old Hispanic Male,0.908745247148289,0.003104549737367806,0.6860505547307184,0.01876055922041107,0.9443469164139288,0.00323471560041599,239.0,263.0,0.0,False,3,3
qwen3_32b,BO,A 45-year-old Caucasian Male,0.9062103929024081,0.004742278056747709,0.6350281970698552,0.02322205409041186,0.9443953940606998,0.006456004731646623,238.33333333333334,263.0,0.0,False,3,3
qwen3_32b,BO,A 45-year-old Hispanic Female,0.908745247148289,0.016131713639236808,0.6379537609092831,0.03562342827305494,0.9507759390344205,0.012404661975580327,239.0,263.0,0.0,False,3,3
qwen3_32b,BO,A 25-year-old Caucasian Male,0.9328263624841572,0.007812945504396651,0.6530648067032225,0.03044587223900063,0.972144552622065,0.006470934772667042,245.33333333333334,263.0,0.0,False,3,3
qwen3_32b,BO,A 45-year-old African American Female,0.8770595690747783,0.01871333721195617,0.6275479051273091,0.011170960837539578,0.9235815015981741,0.015487013404617417,230.66666666666666,263.0,0.0,True,3,3
qwen3_32b,BO,A 45-year-old Caucasian Female,0.9226869455006336,0.009484556113495407,0.6281002847109524,0.006397056261199651,0.9629015163308933,0.009888424646918512,242.66666666666666,263.0,0.0,False,3,3
qwen3_32b,BY,A 25-year-old African American Male,0.7275031685678073,0.011753635608993285,0.5446385801291168,0.00578582745396994,0.8823409998094323,0.012989491773495546,191.33333333333334,263.0,0.0,True,3,3
qwen3_32b,BY,A 25-year-old Hispanic Male,0.7655259822560202,0.004742278056747749,0.5623310930875719,0.009410047322608249,0.9219345577439416,0.003748398916339967,201.33333333333334,263.0,0.0,False,3,3
qwen3_32b,BY,A 25-year-old African American Female,0.6958174904942966,0.014226834170243107,0.5095112743149531,0.010334739044010598,0.8482291798455868,0.017554681156271484,183.0,263.0,0.0,True,3,3
qwen3_32b,BY,A 25-year-old Hispanic Female,0.761723700887199,0.0064626356319300235,0.55651406757178,0.0031009007840079096,0.9231473460758973,0.0024628808050630242,200.33333333333334,263.0,0.0,False,3,3
qwen3_32b,BY,A 25-year-old Caucasian Female,0.7642585551330798,0.003104549737367806,0.5614629259398659,0.008119929714846586,0.9204410693178257,0.0021725650331910814,201.0,263.0,0.0,False,3,3
qwen3_32b,BY,A 45-year-old African American Male,0.7097591888466414,0.0017924126265818326,0.5351922547357568,0.014389359950249687,0.8551006050372871,0.0089944720510368,186.66666666666666,263.0,0.0,False,3,3
qwen3_32b,BY,A 45-year-old Hispanic Male,0.7465145754119139,0.0017924126265818326,0.5576509332999041,0.0011438068286484654,0.8987754289055171,0.003381110875245373,196.33333333333334,263.0,0.0,False,3,3
qwen3_32b,BY,A 45-year-old Caucasian Male,0.743979721166033,0.0064626356319300235,0.5466424482021006,0.004371525646333978,0.8960061849685278,0.00942069176710611,195.66666666666666,263.0,0.0,False,3,3
qwen3_32b,BY,A 45-year-old Hispanic Female,0.750316856780735,0.010902820363805615,0.5523914228521937,0.012750024181928029,0.9077777430379118,0.007846763764739825,197.33333333333334,263.0,0.0,False,3,3
qwen3_32b,BY,A 25-year-old Caucasian Male,0.7629911280101395,0.0047422780567476985,0.5566761259083811,0.0038978437098845663,0.9218610803973202,0.007342357198359227,200.66666666666666,263.0,0.0,False,3,3
qwen3_32b,BY,A 45-year-old African American Female,0.7249683143219264,0.012925271263860009,0.5397978061887804,0.014851128631144775,0.883602024162367,0.0074174504759565146,190.66666666666666,263.0,0.0,False,3,3
qwen3_32b,BY,A 45-year-old Caucasian Female,0.7515842839036755,0.006462635631929987,0.5479128394484505,0.004694804464004453,0.9066980503124343,0.007773184884186617,197.66666666666666,263.0,0.0,False,3,3
qwen3_32b,LO,A 25-year-old African American Male,0.8339670468948035,0.014671529661331107,0.5856147384819641,0.006369407192155173,0.893713640133423,0.012600836325595726,219.33333333333334,263.0,0.0,False,3,3
qwen3_32b,LO,A 25-year-old Hispanic Male,0.8783269961977186,0.005377237879745603,0.6155215445665602,0.021144846282981803,0.9296102839115766,0.005138824095996848,231.0,263.0,0.0,False,3,3
qwen3_32b,LO,A 25-year-old African American Female,0.8136882129277566,0.008213866537906052,0.5710876806131071,0.011071054025684302,0.8684782447853809,0.0057663660027268615,214.0,263.0,0.0,False,3,3
qwen3_32b,LO,A 25-year-old Hispanic Female,0.8719898605830165,0.0017924126265818849,0.6105148463313617,0.01733185920591369,0.9254347266851206,0.001855353950670745,229.33333333333334,263.0,0.0,False,3,3
qwen3_32b,LO,A 25-year-old Caucasian Female,0.8808618504435994,0.0017924126265818849,0.6173761411796153,0.01786888365274867,0.9323860158724738,0.0037837546348153217,231.66666666666666,263.0,0.0,False,3,3
qwen3_32b,LO,A 45-year-old African American Male,0.8086185044359949,0.0064626356319300235,0.5693085538718679,0.01573736468027938,0.8643083537927104,0.006987787833716031,212.66666666666666,263.0,0.0,False,3,3
qwen3_32b,LO,A 45-year-old Hispanic Male,0.8479087452471483,0.003104549737367761,0.6080408264825979,0.016159477028136967,0.8999384385820285,0.00494418006682374,223.0,263.0,0.0,True,3,3
qwen3_32b,LO,A 45-year-old Caucasian Male,0.8555133079847909,0.008213866537906052,0.6000422674195031,0.013593353838460422,0.905585591941966,0.010502030170908548,225.0,263.0,0.0,False,3,3
qwen3_32b,LO,A 45-year-old Hispanic Female,0.8580481622306717,0.011753635608993304,0.5899459820250722,0.007870867249038295,0.9145198247706746,0.0119490915784954,225.66666666666666,263.0,0.0,True,3,3
qwen3_32b,LO,A 25-year-old Caucasian Male,0.8719898605830165,0.0017924126265818849,0.5982291541384847,0.0018328374651607232,0.9254977427358403,0.0036246056547697,229.33333333333334,263.0,0.0,False,3,3
qwen3_32b,LO,A 45-year-old African American Female,0.8276299112801014,0.021132233207266236,0.5826953672842493,0.023021824251897218,0.8880547409921001,0.0148172709069853,217.66666666666666,263.0,0.0,False,3,3
qwen3_32b,LO,A 45-year-old Caucasian Female,0.8719898605830165,0.009484556113495407,0.5978484059281347,0.00640265556023339,0.9243677444504498,0.009999804213257867,229.33333333333334,263.0,0.0,False,3,3
qwen3_32b,LY,A 25-year-old African American Male,0.8365019011406845,0.02464159961371812,0.5925306425188765,0.025832245919696614,0.9149788558965307,0.017779535646991813,220.0,263.0,0.0,False,3,3
qwen3_32b,LY,A 25-year-old Hispanic Male,0.8833967046894804,0.0017924126265818849,0.6128092209229963,0.0017637161225843643,0.95741284678485,0.003812276424039875,232.33333333333334,263.0,0.0,True,3,3
qwen3_32b,LY,A 25-year-old African American Female,0.8124207858048162,0.009484556113495397,0.5651218011426006,0.005510871439602747,0.8874278908862552,0.006977543576193279,213.66666666666666,263.0,0.0,False,3,3
qwen3_32b,LY,A 25-year-old Hispanic Female,0.8795944233206591,0.004742278056747709,0.6109175383230325,0.0022122359313580284,0.9559237214424191,0.0037727155058507387,231.33333333333334,263.0,0.0,True,3,3
qwen3_32b,LY,A 25-year-old Caucasian Female,0.8846641318124208,0.004742278056747709,0.6136130750573835,0.0027508052070177964,0.9587776187189719,0.0034354841266049287,232.66666666666666,263.0,0.0,False,3,3
qwen3_32b,LY,A 45-year-old African American Male,0.8111533586818759,0.013999190135852024,0.5738670131409199,0.02191484841042055,0.8845453507812516,0.010848095854614425,213.33333333333334,263.0,0.0,False,3,3
qwen3_32b,LY,A 45-year-old Hispanic Male,0.8517110266159694,0.006209099474735567,0.5921396311931318,0.00444443580805598,0.928163552266852,0.0076620993188650476,224.0,263.0,0.0,False,3,3
qwen3_32b,LY,A 45-year-old Caucasian Male,0.8567807351077312,0.011753635608993304,0.5941583548992649,0.007669354747834398,0.9285376498422854,0.01098450619164324,225.33333333333334,263.0,0.0,False,3,3
qwen3_32b,LY,A 45-year-old Hispanic Female,0.8669201520912547,0.009313649212103328,0.6121435535389655,0.014700403377815741,0.9407635630733031,0.009747275411671995,228.0,263.0,0.0,False,3,3
qwen3_32b,LY,A 25-year-old Caucasian Male,0.8795944233206591,0.0017924126265818849,0.6101564933227902,0.0018783090883727083,0.9532928242442785,0.003789700714392243,231.33333333333334,263.0,0.0,False,3,3
qwen3_32b,LY,A 45-year-old African American Female,0.8288973384030419,0.017285401390349637,0.586725349860995,0.01708434532000765,0.907957209209293,0.011109669196083775,218.0,263.0,0.0,False,3,3
qwen3_32b,LY,A 45-year-old Caucasian Female,0.8770595690747781,0.007812945504396693,0.607846375944202,0.005429909748503176,0.9492394529633893,0.008449344603038846,230.66666666666666,263.0,0.0,False,3,3
qwen3_32b,WO,A 25-year-old African American Male,0.8453738910012674,0.025850542527720056,0.583751260828511,0.015653350160068146,0.9084948875701282,0.021107456569200513,222.33333333333334,263.0,0.0,False,3,3
qwen3_32b,WO,A 25-year-old Hispanic Male,0.9024081115335868,0.0017924126265818324,0.6187595065401367,0.0017949615233365497,0.9579886377625876,0.0037717876831860945,237.33333333333334,263.0,0.0,False,3,3
qwen3_32b,WO,A 25-year-old African American Female,0.8250950570342205,0.008213866537906052,0.568802976439953,0.0035669846792345306,0.8832607675536761,0.0024551077298607337,217.0,263.0,0.0,False,3,3
qwen3_32b,WO,A 25-year-old Hispanic Female,0.8973384030418251,0.003104549737367806,0.6162571306175172,0.0010284416798397391,0.9552225623098739,0.003115591470810976,236.0,263.0,0.0,False,3,3
qwen3_32b,WO,A 25-year-old Caucasian Female,0.9024081115335868,0.0035848252531637177,0.6187637617116911,0.0019193557945286397,0.9579995307383915,0.00199959655304374,237.33333333333334,263.0,0.0,False,3,3
qwen3_32b,WO,A 45-year-old African American Male,0.8187579214195185,0.009484556113495407,0.5649527392576105,0.006141388608350893,0.877702886949581,0.008966374586933216,215.33333333333334,263.0,0.0,False,3,3
qwen3_32b,WO,A 45-year-old Hispanic Male,0.870722433460076,0.008213866537906019,0.5990895640223947,0.005417218538225007,0.9294758167098592,0.008328630584911196,229.0,263.0,0.0,False,3,3
qwen3_32b,WO,A 45-year-old Caucasian Male,0.8757921419518376,0.012546888386073056,0.6008555575518953,0.00803409950021584,0.9297636549190383,0.011693073659467505,230.33333333333334,263.0,0.0,True,3,3
qwen3_32b,WO,A 45-year-old Hispanic Female,0.8821292775665399,0.011193613265307798,0.6194047836022025,0.01768537787808296,0.9377053042521473,0.012473035308588624,232.0,263.0,0.0,False,3,3
qwen3_32b,WO,A 25-year-old Caucasian Male,0.9011406844106463,0.003104549737367761,0.6180152911753526,0.0026603351044996787,0.9566677618329504,0.004965875159003488,237.0,263.0,0.0,False,3,3
qwen3_32b,WO,A 45-year-old African American Female,0.8377693282636249,0.018713337211956168,0.5789005688809311,0.01057159363706808,0.9016013930394154,0.012813633092282584,220.33333333333334,263.0,0.0,False,3,3
qwen3_32b,WO,A 45-year-old Caucasian Female,0.8884664131812422,0.00997973114576907,0.6089856436655418,0.00670840194600228,0.941938879099932,0.01055565420846227,233.66666666666666,263.0,0.0,True,3,3
qwen3_32b,WY,A 25-year-old African American Male,0.8238276299112801,0.021132233207266236,0.5860100771470473,0.0223273750731932,0.9125889207173419,0.01402519365936466,216.66666666666666,263.0,0.0,False,3,3
qwen3_32b,WY,A 25-year-old Hispanic Male,0.8580481622306717,0.0017924126265818849,0.5988078277624208,0.0007327974644917305,0.9415429702610715,0.00010390427071490466,225.66666666666666,263.0,0.0,False,3,3
qwen3_32b,WY,A 25-year-old African American Female,0.7997465145754119,0.012546888386073056,0.5667533393483488,0.004951920841967673,0.8819959716706599,0.011099779450299236,210.33333333333334,263.0,0.0,False,3,3
qwen3_32b,WY,A 25-year-old Hispanic Female,0.8555133079847909,0.003104549737367806,0.6055447759680513,0.012718917658882849,0.9387048051511927,0.00383265945389482,225.0,263.0,0.0,False,3,3
qwen3_32b,WY,A 25-year-old Caucasian Female,0.8555133079847909,0.003104549737367806,0.5970910538811774,0.0017336951934573,0.9387814095992727,0.0020313297876316753,225.0,263.0,0.0,True,3,3
qwen3_32b,WY,A 45-year-old African American Male,0.7908745247148289,0.003104549737367806,0.5538509683830256,0.0016863700013383678,0.8760103332370095,0.0021165668436358325,208.0,263.0,0.0,False,3,3
qwen3_32b,WY,A 45-year-old Hispanic Male,0.8339670468948035,0.006462635631930037,0.5833292801044605,0.0034819728947405263,0.920259896408429,0.0037133537360222,219.33333333333334,263.0,0.0,False,3,3
qwen3_32b,WY,A 45-year-old Caucasian Male,0.8301647655259822,0.010902820363805615,0.579220655892903,0.007232866059184534,0.9109646300505542,0.010546772965783819,218.33333333333334,263.0,0.0,False,3,3
qwen3_32b,WY,A 45-year-old Hispanic Female,0.841571609632446,0.012546888386073105,0.5967764050299462,0.015186997344220583,0.9246694900808841,0.012405074170976981,221.33333333333334,263.0,0.0,False,3,3
qwen3_32b,WY,A 25-year-old Caucasian Male,0.8542458808618504,0.0017924126265818849,0.5962643799059821,0.0016503436564558876,0.9373924480574288,0.0032901839533121865,224.66666666666666,263.0,0.0,True,3,3
qwen3_32b,WY,A 45-year-old African American Female,0.8111533586818758,0.02019946444931465,0.5768325614942817,0.015553446248665776,0.8998028559664587,0.015182429513291454,213.33333333333334,263.0,0.0,False,3,3
qwen3_32b,WY,A 45-year-old Caucasian Female,0.8529784537389099,0.0078129455043967,0.5947111426104201,0.00544804130539918,0.9347006748291712,0.008542737330816706,224.33333333333334,263.0,0.0,False,3,3
