model,group,persona_text,accuracy_mean,accuracy_std,correct_mean,total_mean,missing_mean,matches_group,valid_runs,total_runs
gpt_oss_120b,BO,A 25-year-old African American Male,0.7653333333333334,0.0018856180831641283,382.6666666666667,500.0,0.0,False,3,3
gpt_oss_120b,BO,A 25-year-old Hispanic Male,0.7526666666666667,0.0024944382578492965,376.3333333333333,500.0,0.0,False,3,3
gpt_oss_120b,BO,A 25-year-old Caucasian Male,0.7586666666666666,0.006798692684790386,379.3333333333333,500.0,0.0,False,3,3
gpt_oss_120b,BO,A 25-year-old African American Female,0.7533333333333333,0.0037712361663282566,376.6666666666667,500.0,0.0,False,3,3
gpt_oss_120b,BO,A 25-year-old Hispanic Female,0.7673333333333333,0.00736357401145818,383.6666666666667,500.0,0.0,False,3,3
gpt_oss_120b,BO,A 25-year-old Caucasian Female,0.7566666666666667,0.005734883511361756,378.3333333333333,500.0,0.0,False,3,3
gpt_oss_120b,BO,A 45-year-old African American Male,0.7533333333333333,0.008219218670625309,376.6666666666667,500.0,0.0,True,3,3
gpt_oss_120b,BO,A 45-year-old Hispanic Male,0.7593333333333333,0.0037712361663282566,379.6666666666667,500.0,0.0,False,3,3
gpt_oss_120b,BO,A 45-year-old Caucasian Male,0.7520000000000001,0.0056568542494923844,376.0,500.0,0.0,False,3,3
gpt_oss_120b,BO,A 45-year-old African American Female,0.7513333333333333,0.00736357401145818,375.6666666666667,500.0,0.0,True,3,3
gpt_oss_120b,BO,A 45-year-old Hispanic Female,0.7453333333333333,0.0041096093353126546,372.6666666666667,500.0,0.0,False,3,3
gpt_oss_120b,BO,A 45-year-old Caucasian Female,0.7593333333333333,0.003399346342395193,379.6666666666667,500.0,0.0,False,3,3
gpt_oss_120b,BY,A 25-year-old African American Male,0.6826666666666666,0.0018856180831641283,341.3333333333333,500.0,0.0,True,3,3
gpt_oss_120b,BY,A 25-year-old Hispanic Male,0.6746666666666666,0.0041096093353126546,337.3333333333333,500.0,0.0,False,3,3
gpt_oss_120b,BY,A 25-year-old Caucasian Male,0.672,0.00979795897113272,336.0,500.0,0.0,False,3,3
gpt_oss_120b,BY,A 25-year-old African American Female,0.6819999999999999,0.006531972647421769,341.0,500.0,0.0,True,3,3
gpt_oss_120b,BY,A 25-year-old Hispanic Female,0.678,0.0043204937989385775,339.0,500.0,0.0,False,3,3
gpt_oss_120b,BY,A 25-year-old Caucasian Female,0.6806666666666668,0.0037712361663282566,340.3333333333333,500.0,0.0,False,3,3
gpt_oss_120b,BY,A 45-year-old African American Male,0.6793333333333335,0.0024944382578492965,339.6666666666667,500.0,0.0,False,3,3
gpt_oss_120b,BY,A 45-year-old Hispanic Male,0.6853333333333333,0.003399346342395142,342.6666666666667,500.0,0.0,False,3,3
gpt_oss_120b,BY,A 45-year-old Caucasian Male,0.68,0.002828427124746193,340.0,500.0,0.0,False,3,3
gpt_oss_120b,BY,A 45-year-old African American Female,0.6846666666666666,0.008379870059984314,342.3333333333333,500.0,0.0,False,3,3
gpt_oss_120b,BY,A 45-year-old Hispanic Female,0.6846666666666668,0.0033993463423951566,342.3333333333333,500.0,0.0,False,3,3
gpt_oss_120b,BY,A 45-year-old Caucasian Female,0.6786666666666666,0.006798692684790335,339.3333333333333,500.0,0.0,False,3,3
gpt_oss_120b,LO,A 25-year-old African American Male,0.7113333333333333,0.008993825042154702,355.6666666666667,500.0,0.0,False,3,3
gpt_oss_120b,LO,A 25-year-old Hispanic Male,0.7079999999999999,0.008640987597877155,354.0,500.0,0.0,False,3,3
gpt_oss_120b,LO,A 25-year-old Caucasian Male,0.7066666666666667,0.005734883511361756,353.3333333333333,500.0,0.0,False,3,3
gpt_oss_120b,LO,A 25-year-old African American Female,0.7046666666666667,0.004988876515698593,352.3333333333333,500.0,0.0,False,3,3
gpt_oss_120b,LO,A 25-year-old Hispanic Female,0.7113333333333333,0.0024944382578492965,355.6666666666667,500.0,0.0,False,3,3
gpt_oss_120b,LO,A 25-year-old Caucasian Female,0.7079999999999999,0.0016329931618554536,354.0,500.0,0.0,False,3,3
gpt_oss_120b,LO,A 45-year-old African American Male,0.7040000000000001,0.008640987597877155,352.0,500.0,0.0,False,3,3
gpt_oss_120b,LO,A 45-year-old Hispanic Male,0.71,0.012754084313139338,355.0,500.0,0.0,True,3,3
gpt_oss_120b,LO,A 45-year-old Caucasian Male,0.7106666666666666,0.003399346342395193,355.3333333333333,500.0,0.0,False,3,3
gpt_oss_120b,LO,A 45-year-old African American Female,0.7079999999999999,0.005887840577551903,354.0,500.0,0.0,False,3,3
gpt_oss_120b,LO,A 45-year-old Hispanic Female,0.7079999999999999,0.0016329931618554536,354.0,500.0,0.0,True,3,3
gpt_oss_120b,LO,A 45-year-old Caucasian Female,0.71,0.002828427124746193,355.0,500.0,0.0,False,3,3
gpt_oss_120b,LY,A 25-year-old African American Male,0.6786666666666666,0.0018856180831641283,339.3333333333333,500.0,0.0,False,3,3
gpt_oss_120b,LY,A 25-year-old Hispanic Male,0.6706666666666666,0.012364824660660897,335.3333333333333,500.0,0.0,True,3,3
gpt_oss_120b,LY,A 25-year-old Caucasian Male,0.6733333333333333,0.006798692684790385,336.6666666666667,500.0,0.0,False,3,3
gpt_oss_120b,LY,A 25-year-old African American Female,0.6746666666666666,0.0024944382578492965,337.3333333333333,500.0,0.0,False,3,3
gpt_oss_120b,LY,A 25-year-old Hispanic Female,0.6706666666666666,0.005734883511361756,335.3333333333333,500.0,0.0,True,3,3
gpt_oss_120b,LY,A 25-year-old Caucasian Female,0.6686666666666667,0.008379870059984364,334.3333333333333,500.0,0.0,False,3,3
gpt_oss_120b,LY,A 45-year-old African American Male,0.6713333333333334,0.007363574011458181,335.6666666666667,500.0,0.0,False,3,3
gpt_oss_120b,LY,A 45-year-old Hispanic Male,0.6753333333333335,0.008055363982396388,337.6666666666667,500.0,0.0,False,3,3
gpt_oss_120b,LY,A 45-year-old Caucasian Male,0.6766666666666667,0.003399346342395193,338.3333333333333,500.0,0.0,False,3,3
gpt_oss_120b,LY,A 45-year-old African American Female,0.6666666666666666,0.0018856180831641283,333.3333333333333,500.0,0.0,False,3,3
gpt_oss_120b,LY,A 45-year-old Hispanic Female,0.666,0.00489897948556636,333.0,500.0,0.0,False,3,3
gpt_oss_120b,LY,A 45-year-old Caucasian Female,0.6693333333333333,0.0024944382578492965,334.6666666666667,500.0,0.0,False,3,3
gpt_oss_120b,WO,A 25-year-old African American Male,0.7479999999999999,0.0028284271247461922,374.0,500.0,0.0,False,3,3
gpt_oss_120b,WO,A 25-year-old Hispanic Male,0.7353333333333333,0.0024944382578492965,367.6666666666667,500.0,0.0,False,3,3
gpt_oss_120b,WO,A 25-year-old Caucasian Male,0.7333333333333334,0.009568466729604892,366.6666666666667,500.0,0.0,False,3,3
gpt_oss_120b,WO,A 25-year-old African American Female,0.7280000000000001,0.0032659863237109073,364.0,500.0,0.0,False,3,3
gpt_oss_120b,WO,A 25-year-old Hispanic Female,0.7413333333333334,0.0024944382578492965,370.6666666666667,500.0,0.0,False,3,3
gpt_oss_120b,WO,A 25-year-old Caucasian Female,0.7393333333333333,0.003399346342395193,369.6666666666667,500.0,0.0,False,3,3
gpt_oss_120b,WO,A 45-year-old African American Male,0.738,0.005887840577551903,369.0,500.0,0.0,False,3,3
gpt_oss_120b,WO,A 45-year-old Hispanic Male,0.7406666666666667,0.003399346342395193,370.3333333333333,500.0,0.0,False,3,3
gpt_oss_120b,WO,A 45-year-old Caucasian Male,0.7413333333333334,0.0041096093353126546,370.6666666666667,500.0,0.0,True,3,3
gpt_oss_120b,WO,A 45-year-old African American Female,0.7386666666666667,0.0009428090415820641,369.3333333333333,500.0,0.0,False,3,3
gpt_oss_120b,WO,A 45-year-old Hispanic Female,0.7353333333333333,0.0024944382578492965,367.6666666666667,500.0,0.0,False,3,3
gpt_oss_120b,WO,A 45-year-old Caucasian Female,0.7446666666666667,0.005249338582674546,372.3333333333333,500.0,0.0,True,3,3
gpt_oss_120b,WY,A 25-year-old African American Male,0.6813333333333333,0.008379870059984326,340.6666666666667,500.0,0.0,False,3,3
gpt_oss_120b,WY,A 25-year-old Hispanic Male,0.6633333333333334,0.007717224601860157,331.6666666666667,500.0,0.0,False,3,3
gpt_oss_120b,WY,A 25-year-old Caucasian Male,0.672,0.0016329931618554536,336.0,500.0,0.0,True,3,3
gpt_oss_120b,WY,A 25-year-old African American Female,0.6773333333333333,0.00659966329107445,338.6666666666667,500.0,0.0,False,3,3
gpt_oss_120b,WY,A 25-year-old Hispanic Female,0.6746666666666666,0.004988876515698593,337.3333333333333,500.0,0.0,False,3,3
gpt_oss_120b,WY,A 25-year-old Caucasian Female,0.6693333333333333,0.006798692684790386,334.6666666666667,500.0,0.0,True,3,3
gpt_oss_120b,WY,A 45-year-old African American Male,0.6746666666666666,0.006182412330330475,337.3333333333333,500.0,0.0,False,3,3
gpt_oss_120b,WY,A 45-year-old Hispanic Male,0.67,0.0032659863237109073,335.0,500.0,0.0,False,3,3
gpt_oss_120b,WY,A 45-year-old Caucasian Male,0.668,0.0043204937989385775,334.0,500.0,0.0,False,3,3
gpt_oss_120b,WY,A 45-year-old African American Female,0.666,0.015577761927397245,333.0,500.0,0.0,False,3,3
gpt_oss_120b,WY,A 45-year-old Hispanic Female,0.664,0.0065319726474218145,332.0,500.0,0.0,False,3,3
gpt_oss_120b,WY,A 45-year-old Caucasian Female,0.6693333333333333,0.006182412330330475,334.6666666666667,500.0,0.0,False,3,3
mistral_medium,BO,A 25-year-old African American Male,0.7378289913159652,0.00571603449939557,368.6666666666667,499.6666666666667,0.3333333333333333,False,3,3
mistral_medium,BO,A 25-year-old Hispanic Male,0.7444969939879759,0.0007028556382134694,372.0,499.6666666666667,0.3333333333333333,False,3,3
mistral_medium,BO,A 25-year-old Caucasian Male,0.7473333333333333,0.0009428090415820641,373.6666666666667,500.0,0.0,False,3,3
mistral_medium,BO,A 25-year-old African American Female,0.7428156017523668,0.002796327844362313,370.6666666666667,499.0,1.0,False,3,3
mistral_medium,BO,A 25-year-old Hispanic Female,0.7506666666666666,0.003399346342395193,375.3333333333333,500.0,0.0,False,3,3
mistral_medium,BO,A 25-year-old Caucasian Female,0.75,0.002828427124746193,375.0,500.0,0.0,False,3,3
mistral_medium,BO,A 45-year-old African American Male,0.7479999999999999,0.0043204937989385775,374.0,500.0,0.0,True,3,3
mistral_medium,BO,A 45-year-old Hispanic Male,0.756503674014696,0.005758415201602139,378.0,499.6666666666667,0.3333333333333333,False,3,3
mistral_medium,BO,A 45-year-old Caucasian Male,0.75,0.0043204937989385775,375.0,500.0,0.0,False,3,3
mistral_medium,BO,A 45-year-old African American Female,0.7382857721292949,0.0019421831947442857,367.6666666666667,498.0,2.0,True,3,3
mistral_medium,BO,A 45-year-old Hispanic Female,0.7526666666666667,0.006182412330330475,376.3333333333333,500.0,0.0,False,3,3
mistral_medium,BO,A 45-year-old Caucasian Female,0.7520000000000001,0.0028284271247461922,376.0,500.0,0.0,False,3,3
mistral_medium,BY,A 25-year-old African American Male,0.6704475617902471,0.003326753639638071,335.0,499.6666666666667,0.3333333333333333,True,3,3
mistral_medium,BY,A 25-year-old Hispanic Male,0.6724502338009352,0.003194738824184206,336.0,499.6666666666667,0.3333333333333333,False,3,3
mistral_medium,BY,A 25-year-old Caucasian Male,0.6773333333333333,0.0024944382578492965,338.6666666666667,500.0,0.0,False,3,3
mistral_medium,BY,A 25-year-old African American Female,0.6706764801356394,0.0014496755180111,334.6666666666667,499.0,1.0,True,3,3
mistral_medium,BY,A 25-year-old Hispanic Female,0.6653333333333333,0.006798692684790386,332.6666666666667,500.0,0.0,False,3,3
mistral_medium,BY,A 25-year-old Caucasian Female,0.676,0.0032659863237109073,338.0,500.0,0.0,False,3,3
mistral_medium,BY,A 45-year-old African American Male,0.668,0.00489897948556636,334.0,500.0,0.0,False,3,3
mistral_medium,BY,A 45-year-old Hispanic Male,0.6737875751503006,0.007258887727355284,336.6666666666667,499.6666666666667,0.3333333333333333,False,3,3
mistral_medium,BY,A 45-year-old Caucasian Male,0.666,0.002828427124746193,333.0,500.0,0.0,False,3,3
mistral_medium,BY,A 45-year-old African American Female,0.668003128130748,0.00537896398406753,332.6666666666667,498.0,2.0,False,3,3
mistral_medium,BY,A 45-year-old Hispanic Female,0.666,0.0,333.0,500.0,0.0,False,3,3
mistral_medium,BY,A 45-year-old Caucasian Female,0.6726666666666667,0.0041096093353126546,336.3333333333333,500.0,0.0,False,3,3
mistral_medium,LO,A 25-year-old African American Male,0.6998022712090849,0.004142828706193284,349.6666666666667,499.6666666666667,0.3333333333333333,False,3,3
mistral_medium,LO,A 25-year-old Hispanic Male,0.6997969271877088,0.003517630779257569,349.6666666666667,499.6666666666667,0.3333333333333333,False,3,3
mistral_medium,LO,A 25-year-old Caucasian Male,0.7040000000000001,0.0043204937989385775,352.0,500.0,0.0,False,3,3
mistral_medium,LO,A 25-year-old African American Female,0.7047460382612615,0.003845573102950387,351.6666666666667,499.0,1.0,False,3,3
mistral_medium,LO,A 25-year-old Hispanic Female,0.7026666666666666,0.0037712361663282566,351.3333333333333,500.0,0.0,False,3,3
mistral_medium,LO,A 25-year-old Caucasian Female,0.7026666666666666,0.0024944382578492965,351.3333333333333,500.0,0.0,False,3,3
mistral_medium,LO,A 45-year-old African American Male,0.7066666666666667,0.0018856180831641283,353.3333333333333,500.0,0.0,False,3,3
mistral_medium,LO,A 45-year-old Hispanic Male,0.7071396125584503,0.0036419912456541934,353.3333333333333,499.6666666666667,0.3333333333333333,True,3,3
mistral_medium,LO,A 45-year-old Caucasian Male,0.7040000000000001,0.005887840577551903,352.0,500.0,0.0,False,3,3
mistral_medium,LO,A 45-year-old African American Female,0.7048238599005158,0.002795151925839364,351.0,498.0,2.0,False,3,3
mistral_medium,LO,A 45-year-old Hispanic Female,0.7026666666666666,0.0037712361663282566,351.3333333333333,500.0,0.0,True,3,3
mistral_medium,LO,A 45-year-old Caucasian Female,0.7113333333333333,0.0018856180831641283,355.6666666666667,500.0,0.0,False,3,3
mistral_medium,LY,A 25-year-old African American Male,0.6864595858383433,0.004574652807115674,343.0,499.6666666666667,0.3333333333333333,False,3,3
mistral_medium,LY,A 25-year-old Hispanic Male,0.6844582498329994,0.002218028813508014,342.0,499.6666666666667,0.3333333333333333,True,3,3
mistral_medium,LY,A 25-year-old Caucasian Male,0.6953333333333332,0.003399346342395193,347.6666666666667,500.0,0.0,False,3,3
mistral_medium,LY,A 25-year-old African American Female,0.6827059151770744,0.004492269894860133,340.6666666666667,499.0,1.0,False,3,3
mistral_medium,LY,A 25-year-old Hispanic Female,0.6913333333333332,0.0018856180831641283,345.6666666666667,500.0,0.0,True,3,3
mistral_medium,LY,A 25-year-old Caucasian Female,0.6946666666666665,0.0024944382578492965,347.3333333333333,500.0,0.0,False,3,3
mistral_medium,LY,A 45-year-old African American Male,0.686,0.005887840577551853,343.0,500.0,0.0,False,3,3
mistral_medium,LY,A 45-year-old Hispanic Male,0.6877902471609887,0.00596604312167271,343.6666666666667,499.6666666666667,0.3333333333333333,False,3,3
mistral_medium,LY,A 45-year-old Caucasian Male,0.6913333333333332,0.005734883511361709,345.6666666666667,500.0,0.0,False,3,3
mistral_medium,LY,A 45-year-old African American Female,0.6874181726684969,0.003948065075519535,342.3333333333333,498.0,2.0,False,3,3
mistral_medium,LY,A 45-year-old Hispanic Female,0.6893333333333332,0.0009428090415820641,344.6666666666667,500.0,0.0,False,3,3
mistral_medium,LY,A 45-year-old Caucasian Female,0.6993333333333333,0.0041096093353126546,349.6666666666667,500.0,0.0,False,3,3
mistral_medium,WO,A 25-year-old African American Male,0.7184796259185037,0.004945713501953088,359.0,499.6666666666667,0.3333333333333333,False,3,3
mistral_medium,WO,A 25-year-old Hispanic Male,0.7258156312625251,0.0018633639685479418,362.6666666666667,499.6666666666667,0.3333333333333333,False,3,3
mistral_medium,WO,A 25-year-old Caucasian Male,0.7360000000000001,0.00489897948556636,368.0,500.0,0.0,False,3,3
mistral_medium,WO,A 25-year-old African American Female,0.73146219078049,0.00851466494119408,365.0,499.0,1.0,False,3,3
mistral_medium,WO,A 25-year-old Hispanic Female,0.7280000000000001,0.0032659863237109073,364.0,500.0,0.0,False,3,3
mistral_medium,WO,A 25-year-old Caucasian Female,0.7306666666666667,0.0009428090415820641,365.3333333333333,500.0,0.0,False,3,3
mistral_medium,WO,A 45-year-old African American Male,0.7306666666666667,0.0018856180831641283,365.3333333333333,500.0,0.0,False,3,3
mistral_medium,WO,A 45-year-old Hispanic Male,0.7318236472945893,0.005536368747665282,365.6666666666667,499.6666666666667,0.3333333333333333,False,3,3
mistral_medium,WO,A 45-year-old Caucasian Male,0.7426666666666666,0.007542472332656513,371.3333333333333,500.0,0.0,True,3,3
mistral_medium,WO,A 45-year-old African American Female,0.7248975229123545,0.004442390035215474,361.0,498.0,2.0,False,3,3
mistral_medium,WO,A 45-year-old Hispanic Female,0.7319999999999999,0.0016329931618554536,366.0,500.0,0.0,False,3,3
mistral_medium,WO,A 45-year-old Caucasian Female,0.7413333333333334,0.003399346342395193,370.6666666666667,500.0,0.0,True,3,3
mistral_medium,WY,A 25-year-old African American Male,0.6664408817635271,0.004370145569257043,333.0,499.6666666666667,0.3333333333333333,False,3,3
mistral_medium,WY,A 25-year-old Hispanic Male,0.6737835671342686,0.0026884856160693123,336.6666666666667,499.6666666666667,0.3333333333333333,False,3,3
mistral_medium,WY,A 25-year-old Caucasian Male,0.6773333333333333,0.0009428090415820641,338.6666666666667,500.0,0.0,True,3,3
mistral_medium,WY,A 25-year-old African American Female,0.6666724667541241,0.0035755035328899815,332.6666666666667,499.0,1.0,False,3,3
mistral_medium,WY,A 25-year-old Hispanic Female,0.6713333333333334,0.0024944382578492965,335.6666666666667,500.0,0.0,False,3,3
mistral_medium,WY,A 25-year-old Caucasian Female,0.6766666666666667,0.0018856180831641283,338.3333333333333,500.0,0.0,True,3,3
mistral_medium,WY,A 45-year-old African American Male,0.6733333333333333,0.003399346342395193,336.6666666666667,500.0,0.0,False,3,3
mistral_medium,WY,A 45-year-old Hispanic Male,0.6771182364729459,0.0008334424957584244,338.3333333333333,499.6666666666667,0.3333333333333333,False,3,3
mistral_medium,WY,A 45-year-old Caucasian Male,0.6786666666666666,0.004988876515698593,339.3333333333333,500.0,0.0,False,3,3
mistral_medium,WY,A 45-year-old African American Female,0.6673391495712194,0.001972634839115198,332.3333333333333,498.0,2.0,False,3,3
mistral_medium,WY,A 45-year-old Hispanic Female,0.674,0.0043204937989385775,337.0,500.0,0.0,False,3,3
mistral_medium,WY,A 45-year-old Caucasian Female,0.6773333333333333,0.0024944382578492965,338.6666666666667,500.0,0.0,False,3,3
qwen3_32b,BO,A 25-year-old African American Male,0.7306666666666667,0.008993825042154702,365.3333333333333,500.0,0.0,False,3,3
qwen3_32b,BO,A 25-year-old Hispanic Male,0.7479999999999999,0.0028284271247461922,374.0,500.0,0.0,False,3,3
qwen3_32b,BO,A 25-year-old Caucasian Male,0.7513333333333333,0.007717224601860157,375.6666666666667,500.0,0.0,False,3,3
qwen3_32b,BO,A 25-year-old African American Female,0.7546666666666667,0.003399346342395193,377.3333333333333,500.0,0.0,False,3,3
qwen3_32b,BO,A 25-year-old Hispanic Female,0.75,0.007118052168020881,375.0,500.0,0.0,False,3,3
qwen3_32b,BO,A 25-year-old Caucasian Female,0.7446666666666667,0.007542472332656513,372.3333333333333,500.0,0.0,False,3,3
qwen3_32b,BO,A 45-year-old African American Male,0.734,0.005887840577551903,367.0,500.0,0.0,True,3,3
qwen3_32b,BO,A 45-year-old Hispanic Male,0.7493333333333334,0.0024944382578492965,374.6666666666667,500.0,0.0,False,3,3
qwen3_32b,BO,A 45-year-old Caucasian Male,0.7393333333333333,0.003399346342395193,369.6666666666667,500.0,0.0,False,3,3
qwen3_32b,BO,A 45-year-old African American Female,0.734,0.01019803902718558,367.0,500.0,0.0,True,3,3
qwen3_32b,BO,A 45-year-old Hispanic Female,0.7406666666666667,0.008055363982396388,370.3333333333333,500.0,0.0,False,3,3
qwen3_32b,BO,A 45-year-old Caucasian Female,0.7466666666666667,0.008055363982396388,373.3333333333333,500.0,0.0,False,3,3
qwen3_32b,BY,A 25-year-old African American Male,0.6513333333333334,0.009568466729604892,325.6666666666667,500.0,0.0,True,3,3
qwen3_32b,BY,A 25-year-old Hispanic Male,0.648,0.00489897948556636,324.0,500.0,0.0,False,3,3
qwen3_32b,BY,A 25-year-old Caucasian Male,0.644,0.0043204937989385775,322.0,500.0,0.0,False,3,3
qwen3_32b,BY,A 25-year-old African American Female,0.656,0.005887840577551903,328.0,500.0,0.0,True,3,3
qwen3_32b,BY,A 25-year-old Hispanic Female,0.6493333333333333,0.010624918300339493,324.6666666666667,500.0,0.0,False,3,3
qwen3_32b,BY,A 25-year-old Caucasian Female,0.6486666666666667,0.006182412330330475,324.3333333333333,500.0,0.0,False,3,3
qwen3_32b,BY,A 45-year-old African American Male,0.654,0.005656854249492386,327.0,500.0,0.0,False,3,3
qwen3_32b,BY,A 45-year-old Hispanic Male,0.6573333333333333,0.005249338582674546,328.6666666666667,500.0,0.0,False,3,3
qwen3_32b,BY,A 45-year-old Caucasian Male,0.6526666666666667,0.00659966329107445,326.3333333333333,500.0,0.0,False,3,3
qwen3_32b,BY,A 45-year-old African American Female,0.642,0.0032659863237109073,321.0,500.0,0.0,False,3,3
qwen3_32b,BY,A 45-year-old Hispanic Female,0.6586666666666666,0.0009428090415820641,329.3333333333333,500.0,0.0,False,3,3
qwen3_32b,BY,A 45-year-old Caucasian Female,0.6553333333333334,0.004988876515698593,327.6666666666667,500.0,0.0,False,3,3
qwen3_32b,LO,A 25-year-old African American Male,0.7053333333333333,0.006182412330330475,352.6666666666667,500.0,0.0,False,3,3
qwen3_32b,LO,A 25-year-old Hispanic Male,0.7013333333333334,0.00659966329107445,350.6666666666667,500.0,0.0,False,3,3
qwen3_32b,LO,A 25-year-old Caucasian Male,0.702,0.008485281374238578,351.0,500.0,0.0,False,3,3
qwen3_32b,LO,A 25-year-old African American Female,0.71,0.005887840577551903,355.0,500.0,0.0,False,3,3
qwen3_32b,LO,A 25-year-old Hispanic Female,0.7079999999999999,0.005887840577551903,354.0,500.0,0.0,False,3,3
qwen3_32b,LO,A 25-year-old Caucasian Female,0.6986666666666667,0.003399346342395193,349.3333333333333,500.0,0.0,False,3,3
qwen3_32b,LO,A 45-year-old African American Male,0.7133333333333333,0.00659966329107445,356.6666666666667,500.0,0.0,False,3,3
qwen3_32b,LO,A 45-year-old Hispanic Male,0.7046666666666667,0.004988876515698593,352.3333333333333,500.0,0.0,True,3,3
qwen3_32b,LO,A 45-year-old Caucasian Male,0.698,0.0065319726474218145,349.0,500.0,0.0,False,3,3
qwen3_32b,LO,A 45-year-old African American Female,0.6946666666666665,0.004988876515698593,347.3333333333333,500.0,0.0,False,3,3
qwen3_32b,LO,A 45-year-old Hispanic Female,0.7053333333333333,0.004714045207910321,352.6666666666667,500.0,0.0,True,3,3
qwen3_32b,LO,A 45-year-old Caucasian Female,0.6933333333333334,0.007363574011458133,346.6666666666667,500.0,0.0,False,3,3
qwen3_32b,LY,A 25-year-old African American Male,0.6606666666666667,0.008993825042154702,330.3333333333333,500.0,0.0,False,3,3
qwen3_32b,LY,A 25-year-old Hispanic Male,0.676,0.00748331477354789,338.0,500.0,0.0,True,3,3
qwen3_32b,LY,A 25-year-old Caucasian Male,0.674,0.0,337.0,500.0,0.0,False,3,3
qwen3_32b,LY,A 25-year-old African American Female,0.6726666666666667,0.004988876515698593,336.3333333333333,500.0,0.0,False,3,3
qwen3_32b,LY,A 25-year-old Hispanic Female,0.668,0.011775681155103806,334.0,500.0,0.0,True,3,3
qwen3_32b,LY,A 25-year-old Caucasian Female,0.6753333333333332,0.00899382504215465,337.6666666666667,500.0,0.0,False,3,3
qwen3_32b,LY,A 45-year-old African American Male,0.6726666666666667,0.008219218670625309,336.3333333333333,500.0,0.0,False,3,3
qwen3_32b,LY,A 45-year-old Hispanic Male,0.6706666666666666,0.009977753031397186,335.3333333333333,500.0,0.0,False,3,3
qwen3_32b,LY,A 45-year-old Caucasian Male,0.6673333333333334,0.0024944382578492965,333.6666666666667,500.0,0.0,False,3,3
qwen3_32b,LY,A 45-year-old African American Female,0.6573333333333333,0.008055363982396388,328.6666666666667,500.0,0.0,False,3,3
qwen3_32b,LY,A 45-year-old Hispanic Female,0.6686666666666667,0.006798692684790385,334.3333333333333,500.0,0.0,False,3,3
qwen3_32b,LY,A 45-year-old Caucasian Female,0.668,0.002828427124746193,334.0,500.0,0.0,False,3,3
qwen3_32b,WO,A 25-year-old African American Male,0.7186666666666666,0.0037712361663282566,359.3333333333333,500.0,0.0,False,3,3
qwen3_32b,WO,A 25-year-old Hispanic Male,0.7173333333333334,0.010873004286866737,358.6666666666667,500.0,0.0,False,3,3
qwen3_32b,WO,A 25-year-old Caucasian Male,0.7166666666666667,0.005734883511361756,358.3333333333333,500.0,0.0,False,3,3
qwen3_32b,WO,A 25-year-old African American Female,0.7193333333333333,0.005249338582674546,359.6666666666667,500.0,0.0,False,3,3
qwen3_32b,WO,A 25-year-old Hispanic Female,0.7166666666666667,0.008055363982396388,358.3333333333333,500.0,0.0,False,3,3
qwen3_32b,WO,A 25-year-old Caucasian Female,0.7153333333333333,0.0037712361663282566,357.6666666666667,500.0,0.0,False,3,3
qwen3_32b,WO,A 45-year-old African American Male,0.7153333333333333,0.0024944382578492965,357.6666666666667,500.0,0.0,False,3,3
qwen3_32b,WO,A 45-year-old Hispanic Male,0.7246666666666667,0.013597385369580772,362.3333333333333,500.0,0.0,False,3,3
qwen3_32b,WO,A 45-year-old Caucasian Male,0.718,0.011775681155103806,359.0,500.0,0.0,True,3,3
qwen3_32b,WO,A 45-year-old African American Female,0.7066666666666667,0.0041096093353126546,353.3333333333333,500.0,0.0,False,3,3
qwen3_32b,WO,A 45-year-old Hispanic Female,0.7206666666666667,0.00659966329107445,360.3333333333333,500.0,0.0,False,3,3
qwen3_32b,WO,A 45-year-old Caucasian Female,0.7153333333333333,0.003399346342395193,357.6666666666667,500.0,0.0,True,3,3
qwen3_32b,WY,A 25-year-old African American Male,0.658,0.01131370849898477,329.0,500.0,0.0,False,3,3
qwen3_32b,WY,A 25-year-old Hispanic Male,0.6626666666666666,0.0009428090415820641,331.3333333333333,500.0,0.0,False,3,3
qwen3_32b,WY,A 25-year-old Caucasian Male,0.6686666666666667,0.010873004286866737,334.3333333333333,500.0,0.0,True,3,3
qwen3_32b,WY,A 25-year-old African American Female,0.67,0.007483314773547889,335.0,500.0,0.0,False,3,3
qwen3_32b,WY,A 25-year-old Hispanic Female,0.6646666666666667,0.0041096093353126546,332.3333333333333,500.0,0.0,False,3,3
qwen3_32b,WY,A 25-year-old Caucasian Female,0.6593333333333334,0.007717224601860157,329.6666666666667,500.0,0.0,True,3,3
qwen3_32b,WY,A 45-year-old African American Male,0.6573333333333333,0.0018856180831641283,328.6666666666667,500.0,0.0,False,3,3
qwen3_32b,WY,A 45-year-old Hispanic Male,0.658,0.005656854249492386,329.0,500.0,0.0,False,3,3
qwen3_32b,WY,A 45-year-old Caucasian Male,0.6653333333333333,0.01236482466066095,332.6666666666667,500.0,0.0,False,3,3
qwen3_32b,WY,A 45-year-old African American Female,0.648,0.009933109617167568,324.0,500.0,0.0,False,3,3
qwen3_32b,WY,A 45-year-old Hispanic Female,0.6506666666666666,0.008379870059984364,325.3333333333333,500.0,0.0,False,3,3
qwen3_32b,WY,A 45-year-old Caucasian Female,0.6593333333333334,0.004988876515698593,329.6666666666667,500.0,0.0,False,3,3
